,Player_Name,Stats_Span,Matches_Played,Batting_Innings,Not_Outs,Runs_Scored,Highest_Score,Batting_Average,Batting_SR,Hundreds_Scored,Fifties_Scored,Ducks,Bowling_Innings,Balls_Bowled,Maidens,Runs_Given,Wickets_Taken,Best_Figures,Bowling_Average,Economy,Bowling_SR,Five_Wicket_Haul,Ten_Wicket_Haul,Catches_Taken,Stumps
0,A Ahmadhel,2024-2024,1,1,0,2,2,2.00,33.33,0,0,0,0,0,0,0,0,0,0.00,0,0,0,0,1,0
1,A Alexander,2024-2024,1,0,0,0,0,0.00,0.00,0,0,0,1,21,0,19,2,2/19,9.50,5.42,10.5,0,0,0,0
2,A Athanaze,2024-2024,4,4,1,75,40,25.00,122.95,0,0,0,0,0,0,0,0,0,0.00,0,0,0,0,2,0
3,A Balbirnie,2024-2024,12,12,0,298,77,24.83,113.74,0,2,1,0,0,0,0,0,0,0.00,0,0,0,0,2,0
4,A Bohara,2024-2024,14,4,1,1,1*,0.33,16.66,0,0,3,12,232,0,344,11,3/29,31.27,8.89,21.0,0,0,1,0
5,A Chaubey,2024-2024,4,4,0,14,7,3.50,66.66,0,0,1,4,79,0,126,3,3/30,42.00,9.56,26.3,0,0,2,0
6,A Chaudhary,2024-2024,2,1,0,0,0,0.00,0.00,0,0,1,2,48,0,55,3,2/9,18.33,6.87,16.0,0,0,0,0
7,A Dananjaya,2024-2024,2,1,1,4,4*,0.00,400.00,0,0,0,2,36,0,56,2,2/37,28.00,9.33,18.0,0,0,0,0
8,A Davidson Soler,2024-2024,9,5,0,90,51,18.00,111.11,0,1,1,0,0,0,0,0,0,0.00,0,0,0,0,4,5
9,A Desai,2024-2024,1,0,0,0,0,0.00,0.00,0,0,0,1,12,0,21,0,0,0.00,10.50,0,0,0,1,0
10,A Dizija,2024-2024,9,9,0,73,26,8.11,61.86,0,0,1,0,0,0,0,0,0,0.00,0,0,0,0,3,0
11,A Donovan,2024-2024,3,2,1,2,1*,2.00,20.00,0,0,0,3,24,0,31,0,0,0.00,7.75,0,0,0,0,0
12,A Dowling,2024-2024,1,1,0,2,2,2.00,66.66,0,0,0,0,0,0,0,0,0,0.00,0,0,0,0,0,0
13,A Dutt,2024-2024,11,7,3,35,15*,8.75,100.00,0,0,2,11,228,1,278,12,3/22,23.16,7.31,19.0,0,0,0,0
14,A Gasteratos,2024-2024,4,4,1,13,8*,4.33,44.82,0,0,1,0,0,0,0,0,0,0.00,0,0,0,0,0,0
15,A Gorawara,2024-2024,1,1,0,9,9,9.00,128.57,0,0,0,0,0,0,0,0,0,0.00,0,0,0,0,1,0
16,A Govorko,2024-2024,4,1,1,1,1*,0.00,100.00,0,0,0,0,0,0,0,0,0,0.00,0,0,0,0,4,0
17,A Hawoe,2024-2024,1,0,0,0,0,0.00,0.00,0,0,0,1,6,0,5,0,0,0.00,5.00,0,0,0,0,0
18,A Husain,2024-2024,1,0,0,0,0,0.00,0.00,0,0,0,1,24,0,26,1,1/26,26.00,6.50,24.0,0,0,1,0
19,A Ilaoa,2024-2024,6,4,1,15,12,5.00,107.14,0,0,1,0,0,0,0,0,0,0.00,0,0,0,0,7,1
20,A Johnson,2024-2024,13,13,0,273,74,21.00,120.79,0,2,2,1,12,0,4,0,0,0.00,2.00,0,0,0,2,0
21,A Kadowaki Fleming,2024-2024,3,3,1,127,65*,63.50,160.75,0,1,0,0,0,0,0,0,0,0.00,0,0,0,0,1,0
22,A Kalasi,2024-2024,8,4,4,14,8*,0.00,107.69,0,0,0,8,168,1,108,11,2/9,9.81,3.85,15.2,0,0,2,0
23,A Kaul,2024-2024,6,4,1,38,28*,12.66,115.15,0,0,0,3,35,0,31,4,3/20,7.75,5.31,8.7,0,0,3,0
24,A Kirschbaum,2024-2024,1,1,1,5,5*,0.00,125.00,0,0,0,1,6,0,1,0,0,0.00,1.00,0,0,0,0,0
25,A Limdawala,2024-2024,15,12,3,206,54*,22.88,91.15,0,1,0,12,211,0,202,12,2/15,16.83,5.74,17.5,0,0,8,0
26,A Magdalenic,2024-2024,3,3,1,7,7*,3.50,36.84,0,0,2,0,0,0,0,0,0,0.00,0,0,0,0,0,0
27,A Maheshwari,2024-2024,7,5,0,31,16,6.20,77.50,0,0,1,5,83,0,140,4,2/41,35.00,10.12,20.7,0,0,3,0
28,A Manepalli,2024-2024,1,1,0,9,9,9.00,100.00,0,0,0,0,0,0,0,0,0,0.00,0,0,0,0,0,0
29,A Mansale,2024-2024,7,7,1,258,82,43.00,136.50,0,3,0,0,0,0,0,0,0,0.00,0,0,0,0,5,0
30,A Martel,2024-2024,11,5,1,39,20,9.75,108.33,0,0,0,11,181,0,228,7,2/19,32.57,7.55,25.8,0,0,3,0
31,A McAuley,2024-2024,5,5,0,22,16,4.40,73.33,0,0,1,0,0,0,0,0,0,0.00,0,0,0,0,1,0
32,A Mehmood,2024-2024,4,1,1,14,14*,0.00,350.00,0,0,0,3,42,0,69,0,0,0.00,9.85,0,0,0,1,0
33,A Mene-Ejegi,2024-2024,1,0,0,0,0,0.00,0.00,0,0,0,0,0,0,0,0,0,0.00,0,0,0,0,0,0
34,A Mundra,2024-2024,4,4,1,153,56*,51.00,164.51,0,1,0,0,0,0,0,0,0,0.00,0,0,0,0,4,1
35,A Mutreja,2024-2024,5,3,0,12,9,4.00,80.00,0,0,1,0,0,0,0,0,0,0.00,0,0,0,0,3,0
36,AA Gajic,2024-2024,7,4,3,5,4,5.00,33.33,0,0,0,6,108,0,186,5,2/27,37.20,10.33,21.6,0,0,0,0
37,AC Agar,2024-2024,2,1,0,2,2,2.00,40.00,0,0,0,2,48,1,56,1,1/39,56.00,7.00,48.0,0,0,1,0
38,AD Fofana,2024-2024,3,3,0,3,2,1.00,16.66,0,0,1,0,0,0,0,0,0,0.00,0,0,0,0,0,0
39,AD Mathews,2024-2024,12,10,4,268,66*,44.66,134.00,0,1,0,11,140,0,189,7,2/9,27.00,8.10,20.0,0,0,3,0
40,ADS Fletcher,2024-2024,4,3,0,34,29,11.33,109.67,0,0,0,0,0,0,0,0,0,0.00,0,0,0,0,2,1
41,AF Milne,2024-2024,6,3,0,10,10,3.33,76.92,0,0,2,6,132,0,245,11,4/33,22.27,11.13,12.0,0,0,0,0
42,AGS Gous,2024-2024,23,22,1,692,81,32.95,145.68,0,6,1,0,0,0,0,0,0,0.00,0,0,0,0,4,1
43,AJ Hosein,2024-2024,20,9,3,43,15,7.16,82.69,0,0,2,20,414,1,502,20,5/11,25.10,7.27,20.7,1,0,3,0
44,AJ Jabiri,2024-2024,5,4,0,30,14,7.50,50.84,0,0,0,0,0,0,0,0,0,0.00,0,0,0,0,2,0
45,AJ Mosca,2024-2024,5,4,1,87,31,29.00,106.09,0,0,1,0,0,0,0,0,0,0.00,0,0,0,0,2,0
46,AK Markram,2024-2024,18,18,2,249,46,15.56,119.71,0,0,1,12,120,0,181,3,1/4,60.33,9.05,40.0,0,0,11,0
47,AM Fernando,2024-2024,4,2,2,1,1*,0.00,50.00,0,0,0,3,60,0,95,2,1/11,47.50,9.50,30.0,0,0,1,0
48,AM Hardie,2024-2024,6,4,2,75,28,37.50,138.88,0,0,0,4,66,0,90,4,2/18,22.50,8.18,16.5,0,0,1,0
49,AM Kimote,2024-2024,11,6,2,40,20,10.00,67.79,0,0,1,9,123,2,101,10,2/12,10.10,4.92,12.3,0,0,5,0
50,AN Aminou,2024-2024,5,3,0,11,11,3.66,68.75,0,0,2,0,0,0,0,0,0,0.00,0,0,0,0,0,0
51,AN Hyobeom,2024-2024,4,1,0,1,1,1.00,33.33,0,0,0,4,48,0,52,3,3/8,17.33,6.50,16.0,0,0,0,0
52,AN Lascu,2024-2024,4,4,1,129,72*,43.00,120.56,0,1,0,4,90,0,119,7,5/21,17.00,7.93,12.8,1,0,2,0
53,AR Balla,2024-2024,5,5,2,24,7,8.00,28.57,0,0,0,0,0,0,0,0,0,0.00,0,0,0,0,1,0
54,ARA Chambers,2024-2024,4,4,0,66,33,16.50,86.84,0,0,0,0,0,0,0,0,0,0.00,0,0,0,0,0,0
55,AS Joseph,2024-2024,15,6,4,58,21*,29.00,120.83,0,0,0,15,333,0,473,20,4/19,23.65,8.52,16.6,0,0,4,0
56,AS Mehmi,2024-2024,4,4,0,58,29,14.50,93.54,0,0,0,3,44,0,53,2,1/11,26.50,7.22,22.0,0,0,3,0
57,ASF Sirah,2024-2024,3,2,0,15,12,7.50,78.94,0,0,0,3,60,0,50,5,3/16,10.00,5.00,12.0,0,0,0,0
58,AUKDS Kalugala,2024-2024,5,5,0,113,42,22.60,121.50,0,0,0,2,24,0,41,1,1/16,41.00,10.25,24.0,0,0,2,0
59,AV Lazarus,2024-2024,17,16,4,435,95,36.25,123.22,0,4,0,3,13,0,15,0,0,0.00,6.92,0,0,0,7,0
60,Aadil Bhaiyat,2024-2024,5,5,0,31,21,6.20,88.57,0,0,1,0,0,0,0,0,0,0.00,0,0,0,0,4,0
61,Aakash Chand,2024-2024,3,2,1,2,2,2.00,33.33,0,0,0,3,60,0,84,7,3/27,12.00,8.40,8.5,0,0,1,0
62,Aamer Jamal,2024-2024,2,2,1,23,14*,23.00,153.33,0,0,0,2,48,0,97,1,1/42,97.00,12.12,48.0,0,0,1,0
63,Aamir Kaleem,2024-2024,3,3,0,47,36,15.66,151.61,0,0,0,3,54,0,74,3,2/28,24.66,8.22,18.0,0,0,1,0
64,Aamir Lal,2024-2024,6,6,2,111,48,27.75,100.90,0,0,0,6,120,0,121,8,2/12,15.12,6.05,15.0,0,0,0,0
65,Aarif Sheikh,2024-2024,10,7,0,89,38,12.71,118.66,0,0,2,2,24,0,53,1,1/37,53.00,13.25,24.0,0,0,0,0
66,Aarnav Patel,2024-2024,2,1,1,1,1*,0.00,20.00,0,0,0,2,30,0,35,3,3/22,11.66,7.00,10.0,0,0,0,0
67,Aaron Jones,2024-2024,20,19,3,332,94*,20.75,116.08,0,1,1,2,18,0,20,2,2/8,10.00,6.66,9.0,0,0,4,0
68,Aasif Sheikh,2024-2024,21,21,0,457,52,21.76,111.19,0,2,0,0,0,0,0,0,0,0.00,0,0,0,0,8,6
69,Aayan Afzal Khan,2024-2024,13,5,1,35,16,8.75,62.50,0,0,1,13,300,1,288,19,3/7,15.15,5.76,15.7,0,0,4,0
70,Abbas Afridi,2024-2024,12,7,2,65,20*,13.00,135.41,0,0,0,12,221,0,321,21,3/17,15.28,8.71,10.5,0,0,4,0
71,Abbas Ghani,2024-2024,4,4,0,50,36,12.50,108.69,0,0,2,3,42,0,68,3,2/36,22.66,9.71,14.0,0,0,5,0
72,Abdul Hai Muhammad,2024-2024,3,3,0,21,21,7.00,150.00,0,0,2,0,0,0,0,0,0,0.00,0,0,0,0,0,0
73,Abdul Hashmi,2024-2024,2,2,0,29,29,14.50,80.55,0,0,1,0,0,0,0,0,0,0.00,0,0,0,0,2,0
74,Abdul Majid,2024-2024,9,2,1,2,1*,2.00,40.00,0,0,0,8,174,1,160,9,3/21,17.77,5.51,19.3,0,0,3,0
75,Abdul Majid Malik,2024-2024,2,0,0,0,0,0.00,0.00,0,0,0,1,24,0,15,0,0,0.00,3.75,0,0,0,0,0
76,Abdul Naser Baluch,2024-2024,3,2,0,15,15,7.50,187.50,0,0,1,3,66,1,70,2,2/11,35.00,6.36,33.0,0,0,0,0
77,Abdul Samad,2024-2024,4,0,0,0,0,0.00,0.00,0,0,0,4,34,0,13,4,2/4,3.25,2.29,8.5,0,0,1,0
78,Abdul Waheed,2024-2024,12,10,2,392,99,49.00,151.93,0,3,1,3,30,0,38,2,1/10,19.00,7.60,15.0,0,0,7,0
79,Abduljabar Jabarkhail,2024-2024,6,2,0,18,18,9.00,150.00,0,0,1,6,126,0,175,5,2/30,35.00,8.33,25.2,0,0,0,0
80,Abdullah Akbarjan,2024-2024,7,1,0,0,0,0.00,0.00,0,0,1,7,131,0,162,14,4/11,11.57,7.41,9.3,0,0,3,0
81,Abdullah Khan Lodhi,2024-2024,4,4,0,95,36,23.75,87.15,0,0,0,0,0,0,0,0,0,0.00,0,0,0,0,1,1
82,Abdullah Mahmood,2024-2024,4,3,0,4,3,1.33,44.44,0,0,1,3,34,0,46,2,2/23,23.00,8.11,17.0,0,0,2,0
83,Abdullah Rana,2024-2024,4,2,0,35,25,17.50,175.00,0,0,0,4,66,0,97,6,3/16,16.16,8.81,11.0,0,0,0,0
84,Abdur Rahman Sudais,2024-2024,3,3,1,57,36,28.50,126.66,0,0,0,0,0,0,0,0,0,0.00,0,0,0,0,2,0
85,Abhilash Patil,2024-2024,1,1,0,12,12,12.00,42.85,0,0,0,0,0,0,0,0,0,0.00,0,0,0,0,1,0
86,Abhishek Ahuja,2024-2024,3,3,0,32,27,10.66,103.22,0,0,1,0,0,0,0,0,0,0.00,0,0,0,0,2,1
87,Abhishek Sharma,2024-2024,12,11,0,256,100,23.27,171.81,1,1,1,7,96,0,134,3,1/10,44.66,8.37,32.0,0,0,3,0
88,Abrar Ahmed,2024-2024,3,0,0,0,0,0.00,0.00,0,0,0,2,48,0,46,2,2/15,23.00,5.75,24.0,0,0,0,0
89,Abrar Bilal,2024-2024,9,6,1,86,36,17.20,94.50,0,0,1,0,0,0,0,0,0,0.00,0,0,0,0,10,3
90,Abubacarr Kuyateh,2024-2024,3,3,0,35,33,11.66,76.08,0,0,1,3,66,0,102,3,1/16,34.00,9.27,22.0,0,0,0,0
91,Abul Farhad,2024-2024,5,2,1,3,3*,3.00,50.00,0,0,1,4,69,1,97,5,3/30,19.40,8.43,13.8,0,0,1,0
92,Adam Khalaf,2024-2024,1,0,0,0,0,0.00,0.00,0,0,0,0,0,0,0,0,0,0.00,0,0,0,0,0,0
93,Adeel Tariq,2024-2024,2,0,0,0,0,0.00,0.00,0,0,0,1,12,0,13,1,1/13,13.00,6.50,12.0,0,0,2,0
94,Adil Butt,2024-2024,5,5,0,157,64,31.40,153.92,0,1,0,5,108,2,105,5,3/18,21.00,5.83,21.6,0,0,2,0
95,Adil Khan,2024-2024,1,0,0,0,0,0.00,0.00,0,0,0,1,24,0,18,2,2/18,9.00,4.50,12.0,0,0,0,0
96,Aditya Panwar,2024-2024,4,3,1,29,21,14.50,103.57,0,0,0,4,59,1,107,3,2/26,35.66,10.88,19.6,0,0,2,0
97,Adnan Gondal,2024-2024,2,0,0,0,0,0.00,0.00,0,0,0,1,12,0,5,0,0,0.00,2.50,0,0,0,0,0
98,Adnan Idrees,2024-2024,12,8,2,34,11,5.66,89.47,0,0,2,12,258,0,301,15,3/20,20.06,7.00,17.2,0,0,1,0
99,Adnan Mirza,2024-2024,5,5,0,60,23,12.00,139.53,0,0,0,5,78,0,106,1,1/31,106.00,8.15,78.0,0,0,2,0
100,Adnan Razzaq,2024-2024,7,0,0,0,0,0.00,0.00,0,0,0,7,132,0,168,4,2/23,42.00,7.63,33.0,0,0,1,0
101,Agha Salman,2024-2024,2,2,0,4,4,2.00,133.33,0,0,1,0,0,0,0,0,0,0.00,0,0,0,0,1,0
102,Ahmad Khalid Ahmadzai,2024-2024,1,1,1,3,3*,0.00,75.00,0,0,0,1,13,0,19,0,0,0.00,8.76,0,0,0,1,0
103,Ahmad Ramdoni,2024-2024,25,21,7,321,35*,22.92,79.25,0,0,0,0,0,0,0,0,0,0.00,0,0,0,0,14,7
104,Ahmad Raza,2024-2024,2,1,1,0,0*,0.00,0.00,0,0,0,2,36,0,50,1,1/28,50.00,8.33,36.0,0,0,0,0
105,Ahmadullah Shinwari,2024-2024,1,0,0,0,0,0.00,0.00,0,0,0,1,12,0,23,0,0,0.00,11.50,0,0,0,0,0
106,Ahmed Faiz,2024-2024,19,15,0,245,38,16.33,107.92,0,0,1,1,1,0,4,0,0,0.00,24.00,0,0,0,6,0
107,Ahmed Hassan,2024-2024,4,4,1,86,49,28.66,122.85,0,0,0,0,0,0,0,0,0,0.00,0,0,0,0,4,0
108,Ahmed Wardak,2024-2024,1,0,0,0,0,0.00,0.00,0,0,0,0,0,0,0,0,0,0.00,0,0,0,0,0,0
109,Ahmer Bin,2024-2024,11,8,3,152,51,30.40,118.75,0,1,0,0,0,0,0,0,0,0.00,0,0,0,0,2,0
110,Ainool Hafizs,2024-2024,17,8,3,24,9,4.80,70.58,0,0,0,0,0,0,0,0,0,0.00,0,0,0,0,9,5
111,Aizaz Khan,2024-2024,25,21,3,297,37,16.50,124.26,0,0,2,18,302,0,442,20,4/26,22.10,8.78,15.1,0,0,6,0
112,Akhil Anil,2024-2024,5,3,1,49,28,24.50,125.64,0,0,0,3,42,0,25,4,2/11,6.25,3.57,10.5,0,0,1,0
113,Akhil Arjunan,2024-2024,6,5,0,69,24,13.80,89.61,0,0,0,5,99,0,125,1,1/16,125.00,7.57,99.0,0,0,0,0
114,Akhil Kumar,2024-2024,6,4,3,40,14*,40.00,125.00,0,0,0,5,76,0,91,5,3/20,18.20,7.18,15.2,0,0,2,0
115,Akif Raja,2024-2024,8,3,1,50,28,25.00,113.63,0,0,0,7,108,1,169,6,2/11,28.16,9.38,18.0,0,0,0,0
116,Alam Nakash,2024-2024,6,6,0,51,19,8.50,89.47,0,0,1,6,91,0,100,2,1/11,50.00,6.59,45.5,0,0,2,0
117,Ali Dawood,2024-2024,11,3,1,7,4*,3.50,33.33,0,0,0,11,230,0,225,14,3/8,16.07,5.86,16.4,0,0,5,0
118,Ali Farasat,2024-2024,3,3,0,65,32,21.66,147.72,0,0,0,0,0,0,0,0,0,0.00,0,0,0,0,0,0
119,Ali Hussain,2024-2024,5,3,1,7,7*,3.50,63.63,0,0,2,5,90,0,125,1,1/21,125.00,8.33,90.0,0,0,1,0
120,Ali Khan,2024-2024,10,3,2,15,14*,15.00,166.66,0,0,1,10,209,0,329,8,3/25,41.12,9.44,26.1,0,0,1,0
121,Ali Masood,2024-2024,11,11,0,179,52,16.27,96.23,0,1,0,5,65,0,96,6,2/19,16.00,8.86,10.8,0,0,3,0
122,Ali Muaaz,2024-2024,4,4,0,13,10,3.25,48.14,0,0,1,1,1,0,1,0,0,0.00,6.00,0,0,0,0,0
123,Ali Naseer,2024-2024,11,5,1,28,21,7.00,90.32,0,0,0,11,222,0,286,14,4/26,20.42,7.72,15.8,0,0,7,0
124,Ali Rasool,2024-2024,4,2,0,6,3,3.00,42.85,0,0,0,4,54,0,97,2,2/18,48.50,10.77,27.0,0,0,1,0
125,Ali Saleem,2024-2024,7,4,0,90,42,22.50,152.54,0,0,0,1,6,0,4,1,1/4,4.00,4.00,6.0,0,0,2,0
126,Ali Yalmaz,2024-2024,2,2,0,20,19,10.00,95.23,0,0,0,1,6,0,14,0,0,0.00,14.00,0,0,0,2,0
127,Altaf Gill,2024-2024,3,2,0,4,3,2.00,22.22,0,0,0,3,42,0,58,2,1/19,29.00,8.28,21.0,0,0,4,0
128,Amal Jacob,2024-2024,4,4,2,29,18*,14.50,76.31,0,0,0,3,54,0,74,3,2/35,24.66,8.22,18.0,0,0,0,0
129,Aman Desai,2024-2024,7,5,0,28,21,5.60,73.68,0,0,2,0,0,0,0,0,0,0.00,0,0,0,0,7,0
130,Amandeep Singh,2024-2024,5,5,1,57,25*,14.25,109.61,0,0,1,3,72,0,62,4,3/23,15.50,5.16,18.0,0,0,0,0
131,Amar Naeem,2024-2024,8,7,2,99,46*,19.80,105.31,0,0,1,0,0,0,0,0,0,0.00,0,0,0,0,1,0
132,Ameel Mauroof,2024-2024,4,1,1,9,9*,0.00,128.57,0,0,0,3,32,0,48,3,2/12,16.00,9.00,10.6,0,0,0,0
133,Amir Farooq,2024-2024,7,6,1,71,31,14.20,109.23,0,0,0,7,149,0,197,9,3/26,21.88,7.93,16.5,0,0,1,0
134,Amir Zaib,2024-2024,5,5,1,50,45*,12.50,116.27,0,0,1,2,15,0,19,0,0,0.00,7.60,0,0,0,2,0
135,Amjad Sher,2024-2024,8,8,1,84,25,12.00,98.82,0,0,2,7,150,0,190,4,1/14,47.50,7.60,37.5,0,0,4,0
136,Anas Khan,2024-2024,14,4,1,33,18,11.00,150.00,0,0,1,11,191,0,204,17,4/30,12.00,6.40,11.2,0,0,5,0
137,Andre Jarju,2024-2024,3,3,2,17,12*,17.00,58.62,0,0,0,3,72,0,128,6,3/40,21.33,10.66,12.0,0,0,2,0
138,Anjar Tadarus,2024-2024,20,18,2,189,43,11.81,75.90,0,0,4,3,18,0,29,0,0,0.00,9.66,0,0,0,7,0
139,Anoop Orsu,2024-2024,5,5,0,48,23,9.60,123.07,0,0,2,0,0,0,0,0,0,0.00,0,0,0,0,1,0
140,Anshuman Rath,2024-2024,22,22,4,447,72*,24.83,125.91,0,2,0,2,39,0,37,0,0,0.00,5.69,0,0,0,13,0
141,Aqeel Wahid,2024-2024,15,13,5,308,65*,38.50,133.33,0,1,0,6,78,0,79,3,2/25,26.33,6.07,26.0,0,0,4,0
142,Aqib Ilyas,2024-2024,21,21,2,518,62*,27.26,114.09,0,4,2,20,426,1,426,30,4/17,14.20,6.00,14.2,0,0,8,0
143,Aqib Iqbal,2024-2024,9,8,3,152,60,30.40,155.10,0,2,1,9,204,1,229,11,2/25,20.81,6.73,18.5,0,0,0,0
144,Areeb Quadir,2024-2024,1,1,0,1,1,1.00,50.00,0,0,0,0,0,0,0,0,0,0.00,0,0,0,0,0,0
145,Aritra Dutta,2024-2024,9,9,0,273,122,30.33,157.80,1,1,0,0,0,0,0,0,0,0.00,0,0,0,0,3,0
146,Arsalan Arif,2024-2024,1,1,0,5,5,5.00,62.50,0,0,0,0,0,0,0,0,0,0.00,0,0,0,0,0,0
147,Arshdeep Singh,2024-2024,18,7,5,31,9,15.50,106.89,0,0,0,18,389,1,486,36,4/9,13.50,7.49,10.8,0,0,3,0
148,Arslan Amjad,2024-2024,11,10,0,129,63,12.90,120.56,0,1,3,3,25,0,46,5,2/18,9.20,11.04,5.0,0,0,10,0
149,Aryan Lakra,2024-2024,4,4,1,7,5,2.33,50.00,0,0,1,1,6,0,8,0,0,0.00,8.00,0,0,0,4,0
150,Ashwin Vinod,2024-2024,3,1,1,8,8*,0.00,200.00,0,0,0,3,48,0,75,2,1/15,37.50,9.37,24.0,0,0,1,0
151,Asif Ali,2024-2024,2,2,0,36,31,18.00,156.52,0,0,0,1,16,0,24,1,1/24,24.00,9.00,16.0,0,0,0,0
152,Asif Bevinje,2024-2024,3,2,0,26,26,13.00,104.00,0,0,1,3,53,0,55,3,2/22,18.33,6.22,17.6,0,0,0,0
153,Asif Khan,2024-2024,10,10,3,371,74*,53.00,165.62,0,3,0,0,0,0,0,0,0,0.00,0,0,0,0,2,0
154,Asim Ashraf,2024-2024,3,3,0,42,19,14.00,55.26,0,0,0,3,60,0,115,0,0,0.00,11.50,0,0,0,0,0
155,Aslam Khan,2024-2024,3,3,1,16,15*,8.00,80.00,0,0,1,0,0,0,0,0,0,0.00,0,0,0,0,0,0
156,Aslam Mohammad,2024-2024,4,4,0,53,20,13.25,82.81,0,0,0,2,48,1,44,0,0,0.00,5.50,0,0,0,0,0
157,Ateeq Iqbal,2024-2024,21,7,5,14,5*,7.00,107.69,0,0,1,20,353,4,320,17,2/10,18.82,5.43,20.7,0,0,5,0
158,Atif Mehmood,2024-2024,7,1,0,0,0,0.00,0.00,0,0,1,7,150,2,115,9,3/8,12.77,4.60,16.6,0,0,0,0
159,Atif Rasheed,2024-2024,7,6,0,54,23,9.00,98.18,0,0,1,3,41,1,38,5,4/13,7.60,5.56,8.2,0,0,2,0
160,Atif-Ur-Rehman,2024-2024,8,0,0,0,0,0.00,0.00,0,0,0,8,156,1,132,7,3/13,18.85,5.07,22.2,0,0,4,0
161,Aung Ko Ko,2024-2024,8,3,1,6,2*,3.00,46.15,0,0,0,2,27,0,18,2,2/10,9.00,4.00,13.5,0,0,0,0
162,Avesh Khan,2024-2024,6,1,0,16,16,16.00,133.33,0,0,0,6,125,0,189,9,3/15,21.00,9.07,13.8,0,0,2,0
163,Avi Dixit,2024-2024,4,3,0,40,23,13.33,95.23,0,0,0,3,72,0,68,5,3/27,13.60,5.66,14.4,0,0,0,0
164,Aviel Warsulkar,2024-2024,2,2,2,2,2*,0.00,66.66,0,0,0,0,0,0,0,0,0,0.00,0,0,0,0,1,0
165,Ayaan Khan,2024-2024,20,18,4,258,45,18.42,101.57,0,0,1,13,108,0,181,2,1/4,90.50,10.05,54.0,0,0,16,0
166,Azam Khan,2024-2024,9,9,2,81,30*,11.57,152.83,0,0,3,0,0,0,0,0,0,0.00,0,0,0,0,2,0
167,Azhar Andani,2024-2024,3,3,0,40,29,13.33,74.07,0,0,0,0,0,0,0,0,0,0.00,0,0,0,0,2,0
168,Azin Rafeeg,2024-2024,1,1,1,2,2*,0.00,40.00,0,0,0,0,0,0,0,0,0,0.00,0,0,0,0,0,0
169,Aziz Mohammad,2024-2024,3,3,0,33,25,11.00,132.00,0,0,1,3,72,0,100,2,1/27,50.00,8.33,36.0,0,0,0,0
170,Aziz Sualley,2024-2024,1,0,0,0,0,0.00,0.00,0,0,0,0,0,0,0,0,0,0.00,0,0,0,0,0,0
171,Azmatullah Omarzai,2024-2024,18,18,0,194,31,10.77,107.77,0,0,4,15,259,1,359,15,4/9,23.93,8.31,17.2,0,0,4,0
172,Azri Azhar,2024-2024,2,0,0,0,0,0.00,0.00,0,0,0,1,18,0,17,0,0,0.00,5.66,0,0,0,1,0
173,Azyan Farhath,2024-2024,17,17,6,559,66*,50.81,94.10,0,5,0,10,150,4,165,10,4/5,16.50,6.60,15.0,0,0,3,0
174,B Angeltti,2024-2024,1,0,0,0,0,0.00,0.00,0,0,0,0,0,0,0,0,0,0.00,0,0,0,0,0,0
175,B Arora,2024-2024,8,7,3,43,13,10.75,93.47,0,0,0,7,126,0,183,8,2/24,22.87,8.71,15.7,0,0,0,0
176,B Balala,2024-2024,6,3,2,9,6*,9.00,50.00,0,0,0,5,42,0,77,3,1/9,25.66,11.00,14.0,0,0,1,0
177,B Bhandari,2024-2024,4,3,0,73,42,24.33,158.69,0,0,0,0,0,0,0,0,0,0.00,0,0,0,0,1,0
178,B Dugic,2024-2024,4,3,2,13,8*,13.00,50.00,0,0,0,2,24,0,39,2,1/14,19.50,9.75,12.0,0,0,2,0
179,B Fernando,2024-2024,5,1,0,0,0,0.00,0.00,0,0,1,5,102,0,164,4,2/18,41.00,9.64,25.5,0,0,0,0
180,B Fitchet,2024-2024,12,12,0,221,41,18.41,132.33,0,0,0,0,0,0,0,0,0,0.00,0,0,0,0,3,0
181,B Ito-Davis,2024-2024,10,7,2,132,47*,26.40,138.94,0,0,0,9,122,1,69,14,3/8,4.92,3.39,8.7,0,0,6,0
182,B Ivanov,2024-2024,1,1,1,5,5*,0.00,45.45,0,0,0,0,0,0,0,0,0,0.00,0,0,0,0,0,0
183,B Jaye,2024-2024,1,0,0,0,0,0.00,0.00,0,0,0,0,0,0,0,0,0,0.00,0,0,0,0,0,0
184,B Jerkovic,2024-2024,4,3,2,7,4,7.00,46.66,0,0,0,1,6,0,11,0,0,0.00,11.00,0,0,0,1,0
185,B Kohler-Cadmore,2024-2024,4,4,0,87,38,21.75,145.00,0,0,0,0,0,0,0,0,0,0.00,0,0,0,0,3,0
186,B Mahesh,2024-2024,6,4,1,16,8,5.33,160.00,0,0,0,5,84,0,112,3,1/21,37.33,8.00,28.0,0,0,0,0
187,B Masaba,2024-2024,6,5,3,13,9*,6.50,40.62,0,0,1,3,72,0,69,5,2/21,13.80,5.75,14.4,0,0,2,0
188,B Mavuta,2024-2024,3,2,1,4,4,4.00,57.14,0,0,0,3,66,1,67,6,3/10,11.16,6.09,11.0,0,0,0,0
189,B McMullen,2024-2024,10,9,1,285,61*,35.62,144.67,0,4,0,3,48,0,69,1,1/25,69.00,8.62,48.0,0,0,6,0
190,B Mejaro,2024-2024,3,3,0,2,2,0.66,15.38,0,0,2,2,36,0,55,2,1/25,27.50,9.16,18.0,0,0,0,0
191,B Mngoma,2024-2024,3,3,2,5,3*,5.00,31.25,0,0,0,2,16,0,11,2,1/1,5.50,4.12,8.0,0,0,0,0
192,B Muzarabani,2024-2024,18,8,3,21,9*,4.20,100.00,0,0,2,18,372,3,368,22,3/8,16.72,5.93,16.9,0,0,1,0
193,BA Carse,2024-2024,1,1,0,0,0,0.00,0.00,0,0,1,1,24,0,26,2,2/26,13.00,6.50,12.0,0,0,1,0
194,BA King,2024-2024,15,15,1,398,79,28.42,143.68,0,3,0,0,0,0,0,0,0,0.00,0,0,0,0,6,0
195,BC Fortuin,2024-2024,8,6,4,24,11*,12.00,92.30,0,0,1,8,126,0,175,3,1/8,58.33,8.33,42.0,0,0,0,0
196,BD Glover,2024-2024,1,1,1,4,4*,0.00,400.00,0,0,0,1,12,0,24,0,0,0.00,12.00,0,0,0,1,0
197,BFW de Leede,2024-2024,10,10,2,112,32,14.00,85.49,0,0,1,8,155,1,232,6,2/22,38.66,8.98,25.8,0,0,6,0
198,BG Lister,2024-2024,2,1,0,1,1,1.00,50.00,0,0,0,1,12,0,10,1,1/10,10.00,5.00,12.0,0,0,1,0
199,BI Dilruksha,2024-2024,5,5,0,63,24,12.60,67.74,0,0,0,0,0,0,0,0,0,0.00,0,0,0,0,2,4
200,BJ Bennett,2024-2024,18,18,2,455,91,28.43,158.53,0,3,2,8,80,2,117,5,2/20,23.40,8.77,16.0,0,0,6,0
201,BJ Currie,2024-2024,9,4,3,15,8*,15.00,62.50,0,0,0,8,180,1,170,14,3/7,12.14,5.66,12.8,0,0,3,0
202,BJ McCarthy,2024-2024,10,6,3,12,6*,4.00,41.37,0,0,1,10,228,1,287,10,3/15,28.70,7.55,22.8,0,0,2,0
203,BKG Mendis,2024-2024,20,20,1,572,86,30.10,128.82,0,3,1,0,0,0,0,0,0,0.00,0,0,0,0,11,8
204,Babar Azam,2024-2024,21,20,1,666,75,35.05,132.66,0,6,1,0,0,0,0,0,0,0.00,0,0,0,0,10,0
205,Babar Hayat,2024-2024,27,23,2,651,110,31.00,137.34,1,3,3,0,0,0,0,0,0,0.00,0,0,0,0,12,0
206,Baseer Khan,2024-2024,9,5,2,20,9,6.66,86.95,0,0,0,0,0,0,0,0,0,0.00,0,0,0,0,1,0
207,Bashir Ahmad,2024-2024,1,1,0,5,5,5.00,125.00,0,0,0,1,12,0,36,0,0,0.00,18.00,0,0,0,0,0
208,Basil George,2024-2024,9,9,1,161,103*,20.12,108.05,1,0,2,1,6,0,14,0,0,0.00,14.00,0,0,0,4,0
209,Basil Hameed,2024-2024,14,9,3,135,44*,22.50,142.10,0,0,1,12,225,0,240,20,4/25,12.00,6.40,11.2,0,0,7,0
210,Basiru Jaye,2024-2024,2,1,0,6,6,6.00,150.00,0,0,0,0,0,0,0,0,0,0.00,0,0,0,0,0,0
211,Bilal Hassun,2024-2024,4,2,0,8,8,4.00,47.05,0,0,1,4,54,0,68,3,2/14,22.66,7.55,18.0,0,0,0,0
212,Bilal Khan,2024-2024,15,5,5,3,1*,0.00,42.85,0,0,0,15,317,0,430,18,3/11,23.88,8.13,17.6,0,0,0,0
213,Bilal Masud,2024-2024,11,11,5,267,66,44.50,117.10,0,1,0,8,127,0,137,6,2/18,22.83,6.47,21.1,0,0,5,0
214,Bilal Tahir,2024-2024,17,10,3,225,40*,32.14,149.00,0,0,0,1,2,0,1,1,1/1,1.00,3.00,2.0,0,0,4,0
215,Bilal Zalmai,2024-2024,6,6,2,218,71*,54.50,177.23,0,2,0,6,144,0,155,7,2/19,22.14,6.45,20.5,0,0,1,0
216,C Bogdanos,2024-2024,2,2,1,64,39*,64.00,83.11,0,0,0,0,0,0,0,0,0,0.00,0,0,0,0,2,0
217,C Brennan,2024-2024,11,10,4,151,52,25.16,151.00,0,1,1,0,0,0,0,0,0,0.00,0,0,0,0,6,0
218,C Campher,2024-2024,14,14,1,191,49,14.69,115.75,0,0,3,11,168,0,238,5,2/24,47.60,8.50,33.6,0,0,12,0
219,C Cassell,2024-2024,1,1,0,1,1,1.00,33.33,0,0,0,1,6,0,19,0,0,0.00,19.00,0,0,0,1,0
220,C Chatphaisan,2024-2024,17,17,2,340,70*,22.66,110.74,0,2,3,0,0,0,0,0,0,0.00,0,0,0,0,9,0
221,C Chete,2024-2024,4,3,0,9,6,3.00,60.00,0,0,0,0,0,0,0,0,0,0.00,0,0,0,0,0,1
222,C Connolly,2024-2024,2,0,0,0,0,0.00,0.00,0,0,0,2,30,0,45,0,0,0.00,9.00,0,0,0,1,0
223,C Dickson,2024-2024,6,4,2,47,30*,23.50,97.91,0,0,0,6,132,0,125,5,3/21,25.00,5.68,26.4,0,0,0,0
224,C Forshaw,2024-2024,8,2,0,15,12,7.50,107.14,0,0,0,8,144,0,201,16,3/17,12.56,8.37,9.0,0,0,1,0
225,C Green,2024-2024,5,4,2,124,62*,62.00,134.78,0,1,0,5,68,0,101,7,3/35,14.42,8.91,9.7,0,0,3,0
226,C Hartmann,2024-2024,3,3,0,23,20,7.66,109.52,0,0,1,0,0,0,0,0,0,0.00,0,0,0,0,3,0
227,C Hinze,2024-2024,19,6,3,61,23*,20.33,115.09,0,0,1,19,352,6,290,24,5/6,12.08,4.94,14.6,1,0,2,0
228,C Kyewuta,2024-2024,10,7,5,29,17*,14.50,80.55,0,0,0,10,181,0,185,14,4/13,13.21,6.13,12.9,0,0,1,0
229,C Madande,2024-2024,16,14,3,265,53*,24.09,129.26,0,1,2,0,0,0,0,0,0,0.00,0,0,0,0,6,0
230,C Malaya,2024-2024,5,1,1,0,0*,0.00,0.00,0,0,0,0,0,0,0,0,0,0.00,0,0,0,0,0,0
231,C Munoz-Mills,2024-2024,11,8,7,88,27*,88.00,151.72,0,0,1,0,0,0,0,0,0,0.00,0,0,0,0,10,0
232,CA Keita,2024-2024,5,5,0,8,5,1.60,21.05,0,0,1,4,43,0,53,4,2/7,13.25,7.39,10.7,0,0,1,0
233,CC Machado,2024-2024,1,1,1,3,3*,0.00,50.00,0,0,0,0,0,0,0,0,0,0.00,0,0,0,0,1,0
234,CE McConchie,2024-2024,3,2,0,16,15,8.00,80.00,0,0,0,1,1,0,4,0,0,0.00,24.00,0,0,0,0,0
235,CJ Anderson,2024-2024,11,10,2,212,55,26.50,104.95,0,1,0,6,72,0,90,2,1/11,45.00,7.50,36.0,0,0,2,0
236,CJ Jordan,2024-2024,7,3,1,5,3,2.50,45.45,0,0,0,7,125,0,189,12,4/10,15.75,9.07,10.4,0,0,5,0
237,CJ Langford,2024-2024,5,5,1,80,24*,20.00,109.58,0,0,0,5,93,0,109,7,3/13,15.57,7.03,13.2,0,0,1,0
238,CJA Amini,2024-2024,9,8,1,191,91*,27.28,115.75,0,1,1,5,56,0,53,4,3/18,13.25,5.67,14.0,0,0,3,0
239,CJPF Kalugamage,2024-2024,4,0,0,0,0,0.00,0.00,0,0,0,4,96,1,69,10,4/17,6.90,4.31,9.6,0,0,1,0
240,CK Jasmat,2024-2024,6,5,1,112,42*,28.00,103.70,0,0,0,4,71,0,78,3,1/8,26.00,6.59,23.6,0,0,4,0
241,CN Ackermann,2024-2024,3,3,0,50,34,16.66,106.38,0,0,0,3,72,1,68,4,3/15,17.00,5.66,18.0,0,0,1,0
242,CN Greaves,2024-2024,10,8,3,37,9*,7.40,77.08,0,0,1,9,114,0,155,7,2/13,22.14,8.15,16.2,0,0,2,0
243,CN Kakuru,2024-2024,3,2,0,10,10,5.00,100.00,0,0,1,0,0,0,0,0,0,0.00,0,0,0,0,2,1
244,CPPM Sadun,2024-2024,6,5,0,101,29,20.20,92.66,0,0,0,6,108,0,142,1,1/17,142.00,7.88,108.0,0,0,2,0
245,CR Ervine,2024-2024,6,6,0,100,70,16.66,104.16,0,1,2,0,0,0,0,0,0,0.00,0,0,0,0,0,0
246,CV Anto,2024-2024,18,18,4,431,75,30.78,163.87,0,2,0,0,0,0,0,0,0,0.00,0,0,0,0,6,0
247,Chaudhary Akram,2024-2024,2,0,0,0,0,0.00,0.00,0,0,0,2,30,0,27,4,2/13,6.75,5.40,7.5,0,0,1,0
248,Chen Zhuo Yue,2024-2024,7,7,1,37,14,6.16,63.79,0,0,1,7,120,2,156,4,3/7,39.00,7.80,30.0,0,0,4,0
249,Choudry Share Ali,2024-2024,4,4,1,96,58,32.00,195.91,0,1,0,0,0,0,0,0,0,0.00,0,0,0,0,0,0
250,D Ajekun,2024-2024,4,4,0,26,20,6.50,86.66,0,0,1,1,6,0,10,0,0,0.00,10.00,0,0,0,0,0
251,D Berthe,2024-2024,2,2,0,0,0,0.00,0.00,0,0,2,0,0,0,0,0,0,0.00,0,0,0,0,0,0
252,D Birrell,2024-2024,10,3,1,13,6*,6.50,92.85,0,0,0,10,211,1,243,16,3/19,15.18,6.90,13.1,0,0,6,0
253,D Dawa,2024-2024,2,2,2,3,2*,0.00,42.85,0,0,0,2,30,0,38,3,3/13,12.66,7.60,10.0,0,0,0,0
254,D Dewald,2024-2024,10,6,0,60,25,10.00,70.58,0,0,1,10,210,1,249,10,2/22,24.90,7.11,21.0,0,0,1,0
255,D Doyle-Calle,2024-2024,11,10,1,273,72,30.33,142.93,0,2,0,1,6,0,4,0,0,0.00,4.00,0,0,0,14,0
256,D Ferreira,2024-2024,2,2,0,12,8,6.00,100.00,0,0,0,0,0,0,0,0,0,0.00,0,0,0,0,1,0
257,D Finau,2024-2024,6,3,2,14,14*,14.00,350.00,0,0,1,4,42,0,66,3,3/34,22.00,9.42,14.0,0,0,2,0
258,D Foxcroft,2024-2024,4,3,0,78,34,26.00,113.04,0,0,0,0,0,0,0,0,0,0.00,0,0,0,0,2,0
259,D Ganesh,2024-2024,5,4,1,2,1*,0.66,20.00,0,0,2,5,114,2,86,8,4/7,10.75,4.52,14.2,0,0,1,0
260,D Gumyusenge,2024-2024,9,8,2,114,41,19.00,84.44,0,0,1,0,0,0,0,0,0,0.00,0,0,0,0,7,0
261,D Heyliger,2024-2024,13,11,4,89,20,12.71,145.90,0,0,2,12,237,0,339,14,2/18,24.21,8.58,16.9,0,0,1,0
262,D Jakiel,2024-2024,15,8,3,74,38*,14.80,83.14,0,0,0,15,310,2,348,18,4/12,19.33,6.73,17.2,0,0,7,0
263,D Jamyansuren,2024-2024,3,3,0,3,2,1.00,7.31,0,0,1,0,0,0,0,0,0,0.00,0,0,0,0,0,0
264,D Kansonkho,2024-2024,15,15,2,241,32,18.53,106.16,0,0,0,3,16,0,6,2,2/1,3.00,2.25,8.0,0,0,8,0
265,D Khanal,2024-2024,3,3,0,31,18,10.33,88.57,0,0,0,0,0,0,0,0,0,0.00,0,0,0,0,2,0
266,D Long Martinez,2024-2024,2,2,0,83,79,41.50,148.21,0,1,0,0,0,0,0,0,0,0.00,0,0,0,0,2,0
267,D Madushanka,2024-2024,4,1,0,0,0,0.00,0.00,0,0,1,4,78,0,125,3,1/22,41.66,9.61,26.0,0,0,1,0
268,D Marsic,2024-2024,4,4,0,64,37,16.00,71.11,0,0,0,0,0,0,0,0,0,0.00,0,0,0,0,1,0
269,D Matla,2024-2024,1,0,0,0,0,0.00,0.00,0,0,0,0,0,0,0,0,0,0.00,0,0,0,0,0,0
270,D Mullen,2024-2024,5,1,1,1,1*,0.00,100.00,0,0,0,5,89,1,94,4,2/11,23.50,6.33,22.2,0,0,2,0
271,D Myers,2024-2024,10,10,2,269,96,33.62,146.19,0,2,2,1,6,0,28,0,0,0.00,28.00,0,0,0,2,0
272,DA Miller,2024-2024,13,12,2,241,59*,24.10,103.43,0,1,2,0,0,0,0,0,0,0.00,0,0,0,0,4,0
273,DB Loic,2024-2024,5,4,2,18,8*,9.00,105.88,0,0,0,5,72,1,61,5,3/15,12.20,5.08,14.4,0,0,1,0
274,DC Jurel,2024-2024,2,1,0,6,6,6.00,42.85,0,0,0,0,0,0,0,0,0,0.00,0,0,0,0,1,1
275,DE Burgess,2024-2024,5,3,0,10,5,3.33,43.47,0,0,0,4,41,0,50,2,2/14,25.00,7.31,20.5,0,0,2,0
276,DE Martel,2024-2024,1,1,0,10,10,10.00,66.66,0,0,0,0,0,0,0,0,0,0.00,0,0,0,0,1,0
277,DF Jacobs,2024-2024,1,1,0,1,1,1.00,10.00,0,0,0,0,0,0,0,0,0,0.00,0,0,0,0,0,0
278,DG Blampied,2024-2024,5,3,1,39,29,19.50,121.87,0,0,0,3,30,0,29,2,1/2,14.50,5.80,15.0,0,0,3,0
279,DJ Hawoe,2024-2024,25,20,3,145,30*,8.52,104.31,0,0,3,25,444,1,484,20,3/17,24.20,6.54,22.2,0,0,8,0
280,DJ Mitchell,2024-2024,8,7,2,194,72*,38.80,167.24,0,2,0,2,12,0,35,0,0,0.00,17.50,0,0,0,6,0
281,DK Kesuma,2024-2024,17,17,1,338,117*,21.12,107.98,1,0,0,0,0,0,0,0,0,0.00,0,0,0,0,7,0
282,DM Gondaria,2024-2024,3,3,0,57,28,19.00,126.66,0,0,0,1,6,0,5,1,1/5,5.00,5.00,6.0,0,0,1,0
283,DM Nakrani,2024-2024,10,10,2,129,51*,16.12,126.47,0,1,2,8,132,2,149,5,3/20,29.80,6.77,26.4,0,0,4,0
284,DM de Silva,2024-2024,6,6,1,116,34,23.20,105.45,0,0,0,3,23,0,14,3,1/1,4.66,3.65,7.6,0,0,4,0
285,DO Leicher,2024-2024,11,9,4,95,42*,19.00,87.15,0,0,1,5,42,0,71,2,1/4,35.50,10.14,21.0,0,0,1,0
286,DP Conway,2024-2024,9,8,1,160,63,22.85,118.51,0,1,1,0,0,0,0,0,0,0.00,0,0,0,0,9,2
287,DR Mousley,2024-2024,4,1,0,8,8,8.00,133.33,0,0,0,4,54,0,82,2,2/29,41.00,9.11,27.0,0,0,4,0
288,DS Airee,2024-2024,21,19,4,381,64*,25.40,149.41,0,2,0,21,374,2,360,24,3/21,15.00,5.77,15.5,0,0,13,0
289,DS Bajwa,2024-2024,11,11,1,221,56,22.10,113.33,0,2,1,1,0,0,7,0,0,0.00,0,0,0,0,3,0
290,DT Doram,2024-2024,6,2,2,2,2*,0.00,200.00,0,0,0,6,138,0,157,9,2/13,17.44,6.82,15.3,0,0,3,0
291,DV Devjani Mutreja,2024-2024,3,2,1,1,1*,1.00,33.33,0,0,1,1,1,0,2,1,1/2,2.00,12.00,1.0,0,0,0,0
292,DV Macome,2024-2024,5,2,2,0,0*,0.00,0.00,0,0,0,5,90,1,112,7,3/25,16.00,7.46,12.8,0,0,2,0
293,Danyal Akbar,2024-2024,3,3,1,30,17,15.00,96.77,0,0,0,0,0,0,0,0,0,0.00,0,0,0,0,1,0
294,Danyal Raja,2024-2024,7,6,0,50,15,8.33,76.92,0,0,0,7,120,2,172,6,2/26,28.66,8.60,20.0,0,0,2,0
295,Darwish Rasooli,2024-2024,1,1,0,2,2,2.00,40.00,0,0,0,0,0,0,0,0,0,0.00,0,0,0,0,0,0
296,Dawood Ahmadzai,2024-2024,9,7,5,47,23*,23.50,134.28,0,0,0,9,180,0,195,13,6/21,15.00,6.50,13.8,1,0,2,0
297,Delawar Khan,2024-2024,6,5,2,31,9*,10.33,134.78,0,0,1,6,72,0,81,5,2/17,16.20,6.75,14.4,0,0,2,0
298,Deng Jinqi,2024-2024,5,4,0,53,38,13.25,56.38,0,0,1,4,63,0,65,4,2/12,16.25,6.19,15.7,0,0,0,0
299,Devender Singh,2024-2024,1,1,0,0,0,0.00,0.00,0,0,1,0,0,0,0,0,0,0.00,0,0,0,0,0,0
300,Dhananjay Rao,2024-2024,8,3,0,5,5,1.66,62.50,0,0,2,8,132,1,155,7,4/13,22.14,7.04,18.8,0,0,4,0
301,Divyendra Singh,2024-2024,5,5,0,64,38,12.80,70.32,0,0,1,0,0,0,0,0,0,0.00,0,0,0,0,4,3
302,Dylan Steyn,2024-2024,5,5,0,75,29,15.00,131.57,0,0,0,0,0,0,0,0,0,0.00,0,0,0,0,6,0
303,E Batkhuyag,2024-2024,4,4,1,6,4*,2.00,46.15,0,0,1,2,23,0,38,1,1/13,38.00,9.91,23.0,0,0,0,0
304,E Beukes,2024-2024,11,11,4,157,33*,22.42,134.18,0,0,1,0,0,0,0,0,0,0.00,0,0,0,0,4,0
305,E Bhonkar,2024-2024,3,3,0,8,3,2.66,50.00,0,0,0,0,0,0,0,0,0,0.00,0,0,0,0,0,0
306,E Cruz,2024-2024,1,0,0,0,0,0.00,0.00,0,0,0,0,0,0,0,0,0,0.00,0,0,0,0,0,0
307,E Frimpong,2024-2024,4,2,1,6,6*,6.00,150.00,0,0,1,4,60,1,31,4,3/4,7.75,3.10,15.0,0,0,0,0
308,E Karimi,2024-2024,6,3,1,4,2,2.00,33.33,0,0,0,6,96,0,72,8,4/21,9.00,4.50,12.0,0,0,0,0
309,E Kubwimana,2024-2024,6,2,0,3,2,1.50,50.00,0,0,0,6,77,0,135,7,3/45,19.28,10.51,11.0,0,0,0,0
310,E Kuchey,2024-2024,4,2,1,14,14*,14.00,73.68,0,0,1,3,36,0,53,0,0,0.00,8.83,0,0,0,2,0
311,E Lewis,2024-2024,7,7,0,149,68,21.28,153.60,0,2,1,0,0,0,0,0,0,0.00,0,0,0,0,1,0
312,E Mathew,2024-2024,5,4,0,23,18,5.75,92.00,0,0,0,5,107,0,124,4,2/16,31.00,6.95,26.7,0,0,1,0
313,EF Beard,2024-2024,5,5,0,51,26,10.20,100.00,0,0,2,1,6,0,5,0,0,0.00,5.00,0,0,0,1,0
314,EI Azine,2024-2024,1,0,0,0,0,0.00,0.00,0,0,0,0,0,0,0,0,0,0.00,0,0,0,0,0,0
315,Ehsan Khan,2024-2024,27,14,4,60,16,6.00,83.33,0,0,2,26,557,2,562,46,4/5,12.21,6.05,12.1,0,0,5,0
316,Ehsan Nawaz,2024-2024,1,1,1,9,9*,0.00,225.00,0,0,0,1,18,0,24,2,2/24,12.00,8.00,9.0,0,0,2,0
317,Elan Talker,2024-2024,5,1,1,4,4*,0.00,133.33,0,0,0,5,96,0,118,4,2/18,29.50,7.37,24.0,0,0,1,0
318,Eric Phiri,2024-2024,4,4,1,21,7,7.00,116.66,0,0,0,0,0,0,0,0,0,0.00,0,0,0,0,0,0
319,F Achelam,2024-2024,4,3,0,18,9,6.00,90.00,0,0,1,0,0,0,0,0,0,0.00,0,0,0,0,3,0
320,F Baaleri,2024-2024,5,3,1,27,14*,13.50,84.37,0,0,0,0,0,0,0,0,0,0.00,0,0,0,0,4,0
321,F Banunaek,2024-2024,22,14,2,90,32,7.50,62.06,0,0,4,22,408,1,453,24,3/14,18.87,6.66,17.0,0,0,10,0
322,F Campbell,2024-2024,3,3,0,16,9,5.33,76.19,0,0,1,0,0,0,0,0,0,0.00,0,0,0,0,0,0
323,F Damiao Couana,2024-2024,5,5,2,154,76*,51.33,135.08,0,1,2,5,96,2,99,4,2/6,24.75,6.18,24.0,0,0,1,0
324,F Hand,2024-2024,3,2,1,4,4*,4.00,66.66,0,0,1,3,54,0,91,3,3/18,30.33,10.11,18.0,0,0,0,0
325,F Khaliq,2024-2024,8,8,2,103,49*,17.16,109.57,0,0,1,8,156,0,163,8,2/16,20.37,6.26,19.5,0,0,3,0
326,F Mutua,2024-2024,12,3,0,15,9,5.00,83.33,0,0,1,12,165,1,186,14,3/5,13.28,6.76,11.7,0,0,4,0
327,FA Allen,2024-2024,5,3,1,5,4*,2.50,125.00,0,0,1,4,60,0,85,0,0,0.00,8.50,0,0,0,3,0
328,FA Cossa,2024-2024,5,4,1,34,23,11.33,80.95,0,0,0,4,66,0,85,3,1/14,28.33,7.72,22.0,0,0,3,0
329,FFJ Heo,2024-2024,3,3,0,8,5,2.66,42.10,0,0,1,0,0,0,0,0,0,0.00,0,0,0,0,0,0
330,FH Allen,2024-2024,12,12,0,361,137,30.08,167.12,1,1,2,0,0,0,0,0,0,0.00,0,0,0,0,2,0
331,FJ Klaassen,2024-2024,2,0,0,0,0,0.00,0.00,0,0,0,2,42,0,70,3,2/37,23.33,10.00,14.0,0,0,1,0
332,FJ Mpegna,2024-2024,5,3,0,5,3,1.66,55.55,0,0,1,0,0,0,0,0,0,0.00,0,0,0,0,0,0
333,Faheem Nazir,2024-2024,4,4,0,89,42,22.25,139.06,0,0,1,4,43,0,70,4,3/32,17.50,9.76,10.7,0,0,1,0
334,Faheem Nellancheri,2024-2024,8,7,1,116,44,19.33,156.75,0,0,0,0,0,0,0,0,0,0.00,0,0,0,0,1,0
335,Fahim Bhatti,2024-2024,5,1,1,13,13*,0.00,68.42,0,0,0,5,96,0,143,4,1/28,35.75,8.93,24.0,0,0,1,0
336,Faisal Khan,2024-2024,11,11,2,312,77,34.66,152.19,0,2,0,1,6,0,9,0,0,0.00,9.00,0,0,0,4,0
337,Faisal Mubashir,2024-2024,3,3,1,63,47*,31.50,105.00,0,0,0,0,0,0,0,0,0,0.00,0,0,0,0,0,0
338,Fakhar Zaman,2024-2024,16,15,0,415,78,27.66,152.57,0,3,0,0,0,0,0,0,0,0.00,0,0,0,0,10,0
339,Fanyan Mughal,2024-2024,4,4,0,5,3,1.25,50.00,0,0,2,4,78,0,113,4,1/21,28.25,8.69,19.5,0,0,2,0
340,Fareed Ahmad,2024-2024,2,0,0,0,0,0.00,0.00,0,0,0,2,36,0,50,4,3/20,12.50,8.33,9.0,0,0,0,0
341,Fayaz Khan,2024-2024,4,3,1,101,64,50.50,214.89,0,1,0,4,66,0,90,7,5/19,12.85,8.18,9.4,1,0,3,0
342,Fayyaz Butt,2024-2024,14,7,3,62,23*,15.50,121.56,0,0,1,14,259,0,355,18,3/21,19.72,8.22,14.3,0,0,2,0
343,Fazalhaq Farooqi,2024-2024,16,8,6,11,4*,5.50,84.61,0,0,1,16,312,1,371,24,5/9,15.45,7.13,13.0,1,0,2,0
344,Fazil Muhammad,2024-2024,5,4,1,29,15,9.66,67.44,0,0,0,5,83,0,100,5,4/27,20.00,7.22,16.6,0,0,1,0
345,Firas Hussain,2024-2024,7,7,1,100,40*,16.66,112.35,0,0,2,4,36,0,61,2,1/15,30.50,10.16,18.0,0,0,3,0
346,Fitri Sham,2024-2024,3,1,0,0,0,0.00,0.00,0,0,1,3,66,0,80,3,2/22,26.66,7.27,22.0,0,0,0,0
347,G Angeletti,2024-2024,1,1,0,9,9,9.00,112.50,0,0,0,1,24,0,18,1,1/18,18.00,4.50,24.0,0,0,0,0
348,G Bakiweyem,2024-2024,7,4,1,16,6*,5.33,55.17,0,0,1,6,102,1,104,5,3/21,20.80,6.11,20.4,0,0,0,0
349,G Burrows,2024-2024,5,5,0,129,52,25.80,103.20,0,1,0,2,18,0,23,2,1/9,11.50,7.66,9.0,0,0,1,0
350,G Caisley,2024-2024,1,1,0,3,3,3.00,27.27,0,0,0,0,0,0,0,0,0,0.00,0,0,0,0,0,0
351,G Chohan,2024-2024,2,2,0,39,22,19.50,105.40,0,0,0,0,0,0,0,0,0,0.00,0,0,0,0,1,0
352,G Coetzee,2024-2024,6,6,2,56,23,14.00,155.55,0,0,2,6,126,0,223,6,3/37,37.16,10.61,21.0,0,0,1,0
353,G Ganbold,2024-2024,13,13,1,44,12,3.66,36.36,0,0,2,0,0,0,0,0,0,0.00,0,0,0,0,2,0
354,G Kansonkho,2024-2024,15,13,0,200,47,15.38,100.00,0,0,1,0,0,0,0,0,0,0.00,0,0,0,0,2,0
355,G Mckeon,2024-2024,9,9,0,156,34,17.33,108.33,0,0,0,5,86,0,94,4,2/11,23.50,6.55,21.5,0,0,3,0
356,G Motie,2024-2024,20,9,3,85,33,14.16,139.34,0,0,1,20,396,0,486,23,3/22,21.13,7.36,17.2,0,0,5,0
357,G Murali,2024-2024,5,5,1,115,47*,28.75,76.66,0,0,0,0,0,0,0,0,0,0.00,0,0,0,0,0,0
358,GBW Munaweera,2024-2024,6,5,4,31,22,31.00,140.90,0,0,0,6,126,1,194,7,2/27,27.71,9.23,18.0,0,0,0,0
359,GC Galanis,2024-2024,4,4,0,23,9,5.75,82.14,0,0,0,4,90,0,89,4,2/23,22.25,5.93,22.5,0,0,1,0
360,GC Murtaza,2024-2024,10,2,0,9,9,4.50,64.28,0,0,1,9,171,1,239,8,3/33,29.87,8.38,21.3,0,0,1,0
361,GD Arta,2024-2024,21,14,5,120,30*,13.33,76.92,0,0,0,13,216,2,229,11,3/35,20.81,6.36,19.6,0,0,2,0
362,GE Gutierrez Chavez,2024-2024,3,3,1,1,1*,0.50,25.00,0,0,2,0,0,0,0,0,0,0.00,0,0,0,0,0,0
363,GG Alta,2024-2024,4,4,0,41,21,10.25,91.11,0,0,0,4,84,0,113,6,3/25,18.83,8.07,14.0,0,0,1,0
364,GH Dockrell,2024-2024,13,13,4,201,53*,22.33,124.07,0,1,0,4,30,0,27,0,0,0.00,5.40,0,0,0,4,0
365,GI Hume,2024-2024,3,2,2,12,10*,0.00,150.00,0,0,0,3,54,0,83,4,3/25,20.75,9.22,13.5,0,0,0,0
366,GJ Delany,2024-2024,11,11,3,196,39,24.50,142.02,0,0,0,8,125,0,143,5,1/5,28.60,6.86,25.0,0,0,5,0
367,GJ Maxwell,2024-2024,15,14,2,389,120*,32.41,166.95,1,1,1,8,102,0,177,4,2/44,44.25,10.41,25.5,0,0,11,0
368,GK Berg,2024-2024,4,1,1,12,12*,0.00,171.42,0,0,0,4,72,1,78,4,3/16,19.50,6.50,18.0,0,0,2,0
369,GK Ghalley,2024-2024,4,4,0,27,9,6.75,75.00,0,0,0,0,0,0,0,0,0,0.00,0,0,0,0,3,0
370,GM Mwendwa,2024-2024,11,2,2,6,6*,0.00,60.00,0,0,0,11,186,2,205,13,5/7,15.76,6.61,14.3,1,0,4,0
371,GP Meade,2024-2024,5,2,2,4,2*,0.00,66.66,0,0,0,0,0,0,0,0,0,0.00,0,0,0,0,3,0
372,GR Adair,2024-2024,3,3,0,125,100,41.66,164.47,1,0,0,0,0,0,0,0,0,0.00,0,0,0,0,0,0
373,GT Main,2024-2024,4,2,1,0,0*,0.00,0.00,0,0,1,4,76,0,100,3,2/26,33.33,7.89,25.3,0,0,0,0
374,Gagandeep Singh,2024-2024,6,5,1,27,13*,6.75,93.10,0,0,1,6,96,0,137,3,2/11,45.66,8.56,32.0,0,0,3,0
375,Gaurav Tiwari,2024-2024,10,10,1,98,25,10.88,82.35,0,0,1,10,212,0,192,10,4/12,19.20,5.43,21.2,0,0,2,0
376,Ghulam Abbas Butt,2024-2024,8,8,0,133,44,16.62,138.54,0,0,0,3,60,2,48,1,1/3,48.00,4.80,60.0,0,0,2,0
377,Ghulam Ahmadi,2024-2024,3,2,1,6,6,6.00,120.00,0,0,0,3,60,0,100,3,2/45,33.33,10.00,20.0,0,0,1,0
378,Gulbadin Naib,2024-2024,13,12,2,222,57,22.20,131.36,0,2,2,5,60,0,59,7,4/20,8.42,5.90,8.5,0,0,7,0
379,Gulsan Jha,2024-2024,24,21,6,336,40*,22.40,137.14,0,0,1,16,207,0,296,10,2/14,29.60,8.57,20.7,0,0,6,0
380,Gurdeep Singh,2024-2024,1,1,0,22,22,22.00,91.66,0,0,0,0,0,0,0,0,0,0.00,0,0,0,0,0,0
381,H Bharadwaj,2024-2024,11,1,0,1,1,1.00,20.00,0,0,0,11,252,4,214,18,6/3,11.88,5.09,14.0,1,0,1,0
382,H Dandapani,2024-2024,1,1,0,17,17,17.00,89.47,0,0,0,1,12,0,14,0,0,0.00,7.00,0,0,0,0,0
383,H Fennell,2024-2024,1,0,0,0,0,0.00,0.00,0,0,0,1,24,0,22,0,0,0.00,5.50,0,0,0,1,0
384,H Hiri,2024-2024,12,10,2,181,53*,22.62,101.68,0,1,0,0,0,0,0,0,0,0.00,0,0,0,0,4,0
385,H Kinga,2024-2024,3,2,0,0,0,0.00,0.00,0,0,2,0,0,0,0,0,0,0.00,0,0,0,0,1,0
386,H Klaasen,2024-2024,13,12,2,258,52,25.80,130.30,0,1,1,0,0,0,0,0,0,0.00,0,0,0,0,8,1
387,H Klazinge,2024-2024,3,2,2,0,0*,0.00,0.00,0,0,0,3,54,1,40,7,4/19,5.71,4.44,7.7,0,0,1,0
388,H Lin Aung,2024-2024,13,13,1,99,21*,8.25,60.36,0,0,0,9,132,0,139,7,3/16,19.85,6.31,18.8,0,0,2,0
389,H Lin Oo,2024-2024,12,9,2,53,21,7.57,75.71,0,0,1,4,48,0,78,0,0,0.00,9.75,0,0,0,1,0
390,H McAleer,2024-2024,5,5,0,54,23,10.80,72.00,0,0,0,0,0,0,0,0,0,0.00,0,0,0,0,4,1
391,HA Chohan,2024-2024,5,2,1,29,26,29.00,223.07,0,0,0,5,84,2,62,9,2/3,6.88,4.42,9.3,0,0,0,0
392,HA Jackson,2024-2024,5,4,0,50,19,12.50,64.93,0,0,0,0,0,0,0,0,0,0.00,0,0,0,0,2,0
393,HAG Madhushanka,2024-2024,2,1,0,0,0,0.00,0.00,0,0,1,2,18,0,36,0,0,0.00,12.00,0,0,0,1,0
394,HB Dickson,2024-2024,6,6,1,208,112*,41.60,155.22,1,0,0,1,18,0,26,0,0,0.00,8.66,0,0,0,2,0
395,HC Brook,2024-2024,10,6,3,163,53,54.33,150.92,0,1,0,0,0,0,0,0,0,0.00,0,0,0,0,9,0
396,HG Munsey,2024-2024,12,12,1,402,75,36.54,149.44,0,2,0,0,0,0,0,0,0,0.00,0,0,0,0,4,0
397,HJ Manenti,2024-2024,5,4,0,141,65,35.25,119.49,0,1,0,5,90,0,70,7,2/8,10.00,4.66,12.8,0,0,4,0
398,HL Carlyon,2024-2024,9,9,0,256,110,28.44,169.53,1,0,0,2,18,0,44,0,0,0.00,14.66,0,0,0,3,0
399,HL Harji,2024-2024,4,3,0,18,14,6.00,100.00,0,0,1,4,78,0,114,1,1/42,114.00,8.76,78.0,0,0,0,0
400,HV Mandhyan,2024-2024,4,4,0,21,15,5.25,58.33,0,0,0,4,84,1,82,4,2/12,20.50,5.85,21.0,0,0,2,0
401,Habib Khan,2024-2024,5,3,0,110,45,36.66,123.59,0,0,0,5,115,0,115,6,2/24,19.16,6.00,19.1,0,0,6,0
402,Haider Butt,2024-2024,11,10,3,222,54,31.71,122.65,0,1,0,7,74,0,86,6,3/7,14.33,6.97,12.3,0,0,3,0
403,Hamid Mahmood,2024-2024,4,3,3,49,22*,0.00,136.11,0,0,0,4,84,0,77,6,2/10,12.83,5.50,14.0,0,0,0,0
404,Hammad Mirza,2024-2024,4,4,1,95,62*,31.66,131.94,0,1,0,0,0,0,0,0,0,0.00,0,0,0,0,1,1
405,Hamza Dar,2024-2024,11,11,4,264,70*,37.71,169.23,0,2,1,7,52,0,76,3,1/1,25.33,8.76,17.3,0,0,1,0
406,Hamza Tahir,2024-2024,2,1,0,0,0,0.00,0.00,0,0,1,1,24,0,19,0,0,0.00,4.75,0,0,0,0,0
407,Haris Karim,2024-2024,1,0,0,0,0,0.00,0.00,0,0,0,1,18,0,13,0,0,0.00,4.33,0,0,0,1,0
408,Haris Rauf,2024-2024,12,6,3,18,8,6.00,90.00,0,0,1,12,262,0,377,24,4/22,15.70,8.63,10.9,0,0,2,0
409,Harmeet Singh,2024-2024,23,17,4,235,38,18.07,148.73,0,0,3,22,478,1,541,21,4/18,25.76,6.79,22.7,0,0,7,0
410,Haroon Arshad,2024-2024,4,1,1,6,6*,0.00,150.00,0,0,0,4,90,2,122,8,4/7,15.25,8.13,11.2,0,0,1,0
411,Harprit Singh,2024-2024,1,1,1,1,1*,0.00,100.00,0,0,0,1,6,0,21,0,0,0.00,21.00,0,0,0,0,0
412,Harry Johnson,2024-2024,9,2,1,3,2*,3.00,100.00,0,0,0,9,201,0,277,12,3/18,23.08,8.26,16.7,0,0,1,0
413,Hasan Ali,2024-2024,1,0,0,0,0,0.00,0.00,0,0,0,1,18,0,42,0,0,0.00,14.00,0,0,0,0,0
414,Hasan Mahmud,2024-2024,1,0,0,0,0,0.00,0.00,0,0,0,1,18,0,19,0,0,0.00,6.33,0,0,0,0,0
415,Haseeb Ghafoor,2024-2024,5,3,2,66,47*,66.00,103.12,0,0,1,0,0,0,0,0,0,0.00,0,0,0,0,3,2
416,Haseebullah Khan,2024-2024,2,2,0,12,12,6.00,109.09,0,0,1,0,0,0,0,0,0,0.00,0,0,0,0,1,0
417,Hassan Rasheed,2024-2024,12,8,0,61,23,7.62,64.21,0,0,2,0,0,0,0,0,0,0.00,0,0,0,0,5,0
418,Hazrat Luqman,2024-2024,2,1,0,8,8,8.00,133.33,0,0,0,2,36,0,60,1,1/30,60.00,10.00,36.0,0,0,0,0
419,Hazratullah Zazai,2024-2024,4,4,0,84,45,21.00,140.00,0,0,0,0,0,0,0,0,0,0.00,0,0,0,0,1,0
420,Hein Zin Aung,2024-2024,3,1,0,0,0,0.00,0.00,0,0,1,0,0,0,0,0,0,0.00,0,0,0,0,1,0
421,Het Patel,2024-2024,3,1,0,0,0,0.00,0.00,0,0,1,0,0,0,0,0,0,0.00,0,0,0,0,1,0
422,Hisham Shaikh,2024-2024,13,8,3,142,47*,28.40,98.61,0,0,0,12,230,0,222,12,3/16,18.50,5.79,19.1,0,0,4,0
423,Huang Junjie,2024-2024,7,7,0,51,19,7.28,40.47,0,0,2,0,0,0,0,0,0,0.00,0,0,0,0,4,0
424,Huzaif Yousuf,2024-2024,2,2,2,16,9*,0.00,100.00,0,0,0,2,30,0,68,0,0,0.00,13.60,0,0,0,0,0
425,Huzaifa Mohammed,2024-2024,7,4,2,13,5*,6.50,56.52,0,0,0,7,156,0,115,11,2/12,10.45,4.42,14.1,0,0,0,0
426,I Danladi,2024-2024,5,5,0,89,31,17.80,128.98,0,0,0,4,60,0,51,2,2/10,25.50,5.10,30.0,0,0,2,0
427,I Elec,2024-2024,4,4,0,21,14,5.25,61.76,0,0,1,0,0,0,0,0,0,0.00,0,0,0,0,2,0
428,I Kaia,2024-2024,2,2,0,4,4,2.00,100.00,0,0,1,0,0,0,0,0,0,0.00,0,0,0,0,1,0
429,I Liyanage,2024-2024,3,3,0,49,24,16.33,116.66,0,0,0,0,0,0,0,0,0,0.00,0,0,0,0,0,0
430,I Mugisha,2024-2024,3,2,0,21,16,10.50,84.00,0,0,0,3,60,1,44,3,2/12,14.66,4.40,20.0,0,0,0,0
431,IA Karim,2024-2024,6,3,1,64,30*,32.00,86.48,0,0,0,0,0,0,0,0,0,0.00,0,0,0,0,3,1
432,IDA Damarell,2024-2024,12,10,1,152,40,16.88,122.58,0,0,2,0,0,0,0,0,0,0.00,0,0,0,0,11,4
433,IDM Latin,2024-2024,8,8,3,194,58*,38.80,133.79,0,1,0,2,18,0,29,0,0,0.00,9.66,0,0,0,5,0
434,IK Gamantika,2024-2024,20,17,2,161,32*,10.73,78.53,0,0,0,19,342,1,296,20,3/14,14.80,5.19,17.1,0,0,7,0
435,IKEG Artawan,2024-2024,25,18,6,151,41,12.58,80.31,0,0,1,24,411,0,409,15,2/5,27.26,5.97,27.4,0,0,9,0
436,IW Budiarta,2024-2024,2,1,0,0,0,0.00,0.00,0,0,1,2,42,0,28,2,1/11,14.00,4.00,21.0,0,0,0,0
437,Ibrahim Hassan,2024-2024,18,13,4,96,20*,10.66,79.33,0,0,1,18,369,1,441,21,4/12,21.00,7.17,17.5,0,0,8,0
438,Ibrahim Kursad Dalyan,2024-2024,3,3,1,9,6,4.50,64.28,0,0,0,3,48,0,64,1,1/20,64.00,8.00,48.0,0,0,0,0
439,Ibrahim Nashath,2024-2024,4,2,1,22,20*,22.00,95.65,0,0,0,3,54,0,42,4,2/15,10.50,4.66,13.5,0,0,2,0
440,Ibrahim Rahimi,2024-2024,2,1,0,13,13,13.00,162.50,0,0,0,0,0,0,0,0,0,0.00,0,0,0,0,3,0
441,Ibrahim Rizan,2024-2024,18,12,6,56,11*,9.33,83.58,0,0,1,18,366,3,404,18,3/6,22.44,6.62,20.3,0,0,16,0
442,Ibrahim Zadran,2024-2024,18,18,2,512,72*,32.00,110.58,0,5,1,0,0,0,0,0,0,0.00,0,0,0,0,11,0
443,Idrees Ul Haque,2024-2024,4,4,0,120,55,30.00,118.81,0,1,0,0,0,0,0,0,0,0.00,0,0,0,0,2,0
444,Iftikhar Ahmed,2024-2024,17,14,2,184,37*,15.33,115.72,0,0,0,7,72,0,89,4,3/24,22.25,7.41,18.0,0,0,8,0
445,Ijaz Ahmad Ahmadzai,2024-2024,3,3,0,35,16,11.66,109.37,0,0,0,0,0,0,0,0,0,0.00,0,0,0,0,0,0
446,Ijaz Hussain,2024-2024,1,1,1,6,6*,0.00,200.00,0,0,0,1,18,0,23,2,2/23,11.50,7.66,9.0,0,0,0,0
447,Ikbal Hossain,2024-2024,3,1,1,5,5*,0.00,166.66,0,0,0,3,60,0,53,3,3/16,17.66,5.30,20.0,0,0,2,0
448,Ikramullah Khan,2024-2024,3,2,0,9,7,4.50,112.50,0,0,0,3,66,0,107,2,1/33,53.50,9.72,33.0,0,0,0,0
449,Ilyas Ahmed,2024-2024,5,4,4,13,4*,0.00,118.18,0,0,0,5,90,0,105,2,1/17,52.50,7.00,45.0,0,0,0,0
450,Ilyas Ataullah,2024-2024,4,4,0,7,3,1.75,33.33,0,0,0,3,60,1,83,2,1/26,41.50,8.30,30.0,0,0,1,0
451,Imad Wasim,2024-2024,9,6,3,68,22*,22.66,119.29,0,0,0,9,180,0,172,8,3/8,21.50,5.73,22.5,0,0,2,0
452,Imal Zuwak,2024-2024,4,4,0,59,45,14.75,168.57,0,0,1,0,0,0,0,0,0,0.00,0,0,0,0,3,0
453,Imran Ahmed Kaneez,2024-2024,5,4,1,8,7,2.66,33.33,0,0,1,5,90,1,73,7,2/0,10.42,4.86,12.8,0,0,1,0
454,Imran Ali Butt,2024-2024,4,4,0,101,50,25.25,118.82,0,1,0,0,0,0,0,0,0,0.00,0,0,0,0,1,2
455,Imran Anwar,2024-2024,11,7,0,118,60,16.85,155.26,0,1,1,9,116,0,152,7,3/40,21.71,7.86,16.5,0,0,1,0
456,Imran Asif,2024-2024,8,7,1,191,102,31.83,135.46,1,0,0,6,86,0,104,7,2/13,14.85,7.25,12.2,0,0,4,0
457,Imran Khan,2024-2024,1,1,0,0,0,0.00,0.00,0,0,1,0,0,0,0,0,0,0.00,0,0,0,0,1,0
458,Imran Khan,2024-2024,1,1,0,0,0,0.00,0.00,0,0,1,2,18,0,15,1,1/7,15.00,5.00,18.0,0,0,1,0
459,Imran Khan,2024-2024,2,1,0,1,1,1.00,50.00,0,0,0,0,0,0,0,0,0,0.00,0,0,0,0,1,0
460,Imran Khan,2024-2024,2,1,0,1,1,1.00,50.00,0,0,0,2,18,0,15,1,1/7,15.00,5.00,18.0,0,0,1,0
461,Imran Yousaf,2024-2024,3,0,0,0,0,0.00,0.00,0,0,0,3,69,1,42,6,3/16,7.00,3.65,11.5,0,0,0,0
462,Iqbal Mudassir,2024-2024,6,6,0,38,12,6.33,65.51,0,0,0,4,48,0,65,0,0,0.00,8.12,0,0,0,3,0
463,Irfan Khan,2024-2024,5,4,3,85,37*,85.00,125.00,0,0,1,0,0,0,0,0,0,0.00,0,0,0,0,0,0
464,Isa Zaroo,2024-2024,7,7,0,108,29,15.42,93.10,0,0,0,2,36,0,55,3,2/28,18.33,9.16,12.0,0,0,5,0
465,Ishtiaq Ahmad,2024-2024,12,3,2,18,7,18.00,257.14,0,0,0,11,227,2,220,16,3/15,13.75,5.81,14.1,0,0,3,0
466,Ismail Ali,2024-2024,16,15,1,189,33,13.50,111.83,0,0,1,1,6,0,9,0,0,0.00,9.00,0,0,0,2,0
467,Ismaila Tamba,2024-2024,3,3,1,29,20*,14.50,120.83,0,0,0,1,6,0,24,0,0,0.00,24.00,0,0,0,2,0
468,Itibarshah Deedar,2024-2024,3,1,0,0,0,0.00,0.00,0,0,1,3,24,0,46,0,0,0.00,11.50,0,0,0,0,0
469,Izaz Ali,2024-2024,6,6,0,42,18,7.00,102.43,0,0,1,6,90,1,113,6,2/8,18.83,7.53,15.0,0,0,2,0
470,J Baguma,2024-2024,1,0,0,0,0,0.00,0.00,0,0,0,1,18,0,18,1,1/18,18.00,6.00,18.0,0,0,1,0
471,J Barker,2024-2024,4,4,0,28,19,7.00,68.29,0,0,0,0,0,0,0,0,0,0.00,0,0,0,0,0,0
472,J Butler,2024-2024,9,9,2,228,44*,32.57,132.55,0,0,0,0,0,0,0,0,0,0.00,0,0,0,0,5,0
473,J Cama,2024-2024,5,5,0,31,24,6.20,110.71,0,0,1,0,0,0,0,0,0,0.00,0,0,0,0,1,0
474,J Campbell,2024-2024,9,9,1,123,45,15.37,121.78,0,0,1,0,0,0,0,0,0,0.00,0,0,0,0,3,0
475,J Charles,2024-2024,12,12,0,287,69,23.91,140.00,0,1,2,0,0,0,0,0,0,0.00,0,0,0,0,6,0
476,J Chialoufas,2024-2024,10,10,1,147,37,16.33,102.79,0,0,3,2,24,0,28,1,1/16,28.00,7.00,24.0,0,0,4,0
477,J Coetzee,2024-2024,13,13,5,208,45*,26.00,117.51,0,0,1,13,273,2,244,23,5/10,10.60,5.36,11.8,1,0,2,0
478,J Danikula,2024-2024,5,5,0,39,19,7.80,57.35,0,0,1,5,114,0,153,7,3/17,21.85,8.05,16.2,0,0,2,0
479,J Dickinson,2024-2024,1,1,0,15,15,15.00,107.14,0,0,0,1,24,0,23,1,1/23,23.00,5.75,24.0,0,0,1,0
480,J Drysdale,2024-2024,8,3,2,5,4*,5.00,100.00,0,0,1,8,144,0,213,6,2/37,35.50,8.87,24.0,0,0,2,0
481,J Dzulfikar,2024-2024,7,7,0,70,25,10.00,82.35,0,0,1,2,12,0,15,0,0,0.00,7.50,0,0,0,3,0
482,J Evans,2024-2024,5,5,0,83,42,16.60,110.66,0,0,0,5,114,0,123,10,4/20,12.30,6.47,11.4,0,0,1,0
483,J Fraser-McGurk,2024-2024,6,6,0,95,50,15.83,139.70,0,1,2,0,0,0,0,0,0,0.00,0,0,0,0,7,0
484,J Grzinic,2024-2024,2,1,0,6,6,6.00,66.66,0,0,0,0,0,0,0,0,0,0.00,0,0,0,0,1,0
485,J Gumbie,2024-2024,3,3,0,43,17,14.33,82.69,0,0,0,0,0,0,0,0,0,0.00,0,0,0,0,0,0
486,J Horrocks,2024-2024,4,2,1,14,11,14.00,107.69,0,0,0,4,66,0,87,3,2/24,29.00,7.90,22.0,0,0,0,0
487,J Jarvis,2024-2024,5,5,0,58,21,11.60,90.62,0,0,0,5,88,1,135,8,3/14,16.87,9.20,11.0,0,0,1,0
488,J Kariko,2024-2024,9,4,3,15,9*,15.00,65.21,0,0,0,9,186,0,190,8,2/18,23.75,6.12,23.2,0,0,3,0
489,J Kemp,2024-2024,5,2,0,4,3,2.00,57.14,0,0,0,0,0,0,0,0,0,0.00,0,0,0,0,1,2
490,J Marples,2024-2024,1,0,0,0,0,0.00,0.00,0,0,0,0,0,0,0,0,0,0.00,0,0,0,0,2,0
491,J Masquater,2024-2024,6,6,0,74,32,12.33,70.47,0,0,1,2,10,0,12,0,0,0.00,7.20,0,0,0,0,0
492,J Mees,2024-2024,5,5,2,56,31,18.66,107.69,0,0,0,0,0,0,0,0,0,0.00,0,0,0,0,2,0
493,J Meza,2024-2024,1,0,0,0,0,0.00,0.00,0,0,0,0,0,0,0,0,0,0.00,0,0,0,0,0,0
494,J Miyagi,2024-2024,8,5,1,32,13*,8.00,80.00,0,0,2,8,141,0,137,12,3/10,11.41,5.82,11.7,0,0,1,0
495,J Mosca,2024-2024,5,5,1,154,72,38.50,185.54,0,2,0,0,0,0,0,0,0,0.00,0,0,0,0,5,0
496,JA Burns,2024-2024,5,5,2,211,108*,70.33,144.52,1,1,1,0,0,0,0,0,0,0.00,0,0,0,0,4,0
497,JA Burrows,2024-2024,5,4,1,17,10,5.66,141.66,0,0,1,5,87,1,92,6,3/10,15.33,6.34,14.5,0,0,1,0
498,JA Clarkson,2024-2024,8,5,1,75,38*,18.75,105.63,0,0,1,1,6,0,8,1,1/8,8.00,8.00,6.0,0,0,2,0
499,JA Duffy,2024-2024,5,2,1,8,8*,8.00,72.72,0,0,1,4,84,0,117,1,1/39,117.00,8.35,84.0,0,0,3,0
500,JA Fitzgerald,2024-2024,5,5,2,72,25*,24.00,156.52,0,0,1,0,0,0,0,0,0,0.00,0,0,0,0,2,0
501,JAD Lawrenson,2024-2024,4,2,0,29,22,14.50,90.62,0,0,0,0,0,0,0,0,0,0.00,0,0,0,0,1,0
502,JAM Henri,2024-2024,5,3,1,33,25*,16.50,122.22,0,0,1,5,96,0,115,5,2/35,23.00,7.18,19.2,0,0,1,0
503,JB Abega,2024-2024,4,3,0,7,4,2.33,46.66,0,0,1,3,42,1,24,4,2/3,6.00,3.42,10.5,0,0,0,0
504,JB Little,2024-2024,6,3,2,38,22*,38.00,108.57,0,0,0,6,138,0,161,6,3/18,26.83,7.00,23.0,0,0,3,0
505,JC Archer,2024-2024,13,4,2,38,21,19.00,146.15,0,0,0,13,274,1,336,17,3/12,19.76,7.35,16.1,0,0,1,0
506,JC Balt,2024-2024,5,4,1,43,22,14.33,79.62,0,0,1,4,56,0,54,2,1/11,27.00,5.78,28.0,0,0,2,0
507,JC Buttler,2024-2024,14,13,2,462,84,42.00,164.41,0,3,2,0,0,0,0,0,0,0.00,0,0,0,0,9,2
508,JD Allan,2024-2024,5,5,0,34,16,6.80,73.91,0,0,0,0,0,0,0,0,0,0.00,0,0,0,0,3,1
509,JG Bethell,2024-2024,6,6,3,173,62*,57.66,167.96,0,2,0,1,18,0,28,0,0,0.00,9.33,0,0,0,2,0
510,JI de Villiers,2024-2024,2,2,0,1,1,0.50,33.33,0,0,1,1,18,0,44,0,0,0.00,14.66,0,0,0,0,0
511,JJ Atkinson,2024-2024,12,11,2,139,68*,15.44,121.92,0,1,2,0,0,0,0,0,0,0.00,0,0,0,0,7,1
512,JJ Bumrah,2024-2024,8,1,0,0,0,0.00,0.00,0,0,1,8,178,2,124,15,3/7,8.26,4.17,11.8,0,0,2,0
513,JJ Davidson,2024-2024,1,1,1,3,3*,0.00,75.00,0,0,0,1,6,0,15,0,0,0.00,15.00,0,0,0,0,0
514,JJ Huo,2024-2024,5,5,0,86,34,17.20,96.62,0,0,0,4,78,2,71,6,3/13,11.83,5.46,13.0,0,0,0,0
515,JM Bairstow,2024-2024,10,8,3,159,48*,31.80,137.06,0,0,1,0,0,0,0,0,0,0.00,0,0,0,0,1,0
516,JM Cox,2024-2024,2,2,0,17,17,8.50,121.42,0,0,1,0,0,0,0,0,0,0.00,0,0,0,0,1,0
517,JM Joao,2024-2024,5,2,0,17,9,8.50,94.44,0,0,0,2,18,0,33,0,0,0.00,11.00,0,0,0,1,0
518,JMV Junior,2024-2024,2,2,1,12,9,12.00,92.30,0,0,0,0,0,0,0,0,0,0.00,0,0,0,0,0,0
519,JN Dorji,2024-2024,8,8,0,74,30,9.25,76.28,0,0,2,0,0,0,0,0,0,0.00,0,0,0,0,1,0
520,JN Frylinck,2024-2024,17,16,1,243,45,16.20,104.74,0,0,1,4,67,0,128,3,2/36,42.66,11.46,22.3,0,0,7,0
521,JN Loftie-Eaton,2024-2024,7,7,1,232,101,38.66,170.58,1,0,1,6,108,0,164,6,3/20,27.33,9.11,18.0,0,0,3,0
522,JO Holder,2024-2024,3,2,2,62,34*,0.00,200.00,0,0,0,3,66,0,128,3,2/42,42.66,11.63,22.0,0,0,2,0
523,JOA Gordon,2024-2024,5,0,0,0,0,0.00,0.00,0,0,0,4,81,0,106,3,2/16,35.33,7.85,27.0,0,0,1,0
524,JP Behrendorff,2024-2024,3,0,0,0,0,0.00,0.00,0,0,0,3,66,0,124,3,1/31,41.33,11.27,22.0,0,0,0,0
525,JP Inglis,2024-2024,13,12,3,292,103,32.44,160.43,1,0,1,0,0,0,0,0,0,0.00,0,0,0,0,7,0
526,JP Kaltapau,2024-2024,11,10,3,146,31*,20.85,100.00,0,0,2,0,0,0,0,0,0,0.00,0,0,0,0,1,0
527,JP Kotze,2024-2024,18,17,1,353,78,22.06,118.45,0,2,3,0,0,0,0,0,0,0.00,0,0,0,0,7,2
528,JQK Moala,2024-2024,6,4,0,9,5,2.25,42.85,0,0,1,6,120,2,115,9,3/21,12.77,5.75,13.3,0,0,2,0
529,JR Hazlewood,2024-2024,11,3,2,7,5*,7.00,53.84,0,0,1,11,264,3,300,9,2/18,33.33,6.81,29.3,0,0,4,0
530,JS Henriksen,2024-2024,2,2,1,34,22*,34.00,106.25,0,0,0,2,12,0,36,0,0,0.00,18.00,0,0,0,0,0
531,JS Kundi,2024-2024,7,7,3,109,31*,27.25,143.42,0,0,2,4,36,0,39,0,0,0.00,6.50,0,0,0,1,0
532,JSE Dunford,2024-2024,5,2,2,9,5*,0.00,180.00,0,0,0,0,0,0,0,0,0,0.00,0,0,0,0,4,2
533,JT Brassell,2024-2024,13,3,2,7,5*,7.00,70.00,0,0,1,12,187,0,293,8,2/42,36.62,9.40,23.3,0,0,2,0
534,JW Jenner,2024-2024,11,11,1,388,80*,38.80,185.64,0,2,2,0,0,0,0,0,0,0.00,0,0,0,0,13,0
535,JWW Gardner,2024-2024,4,2,1,0,0*,0.00,0.00,0,0,1,4,72,0,108,3,2/27,36.00,9.00,24.0,0,0,2,0
536,Jai Sinh,2024-2024,3,3,1,9,4,4.50,40.90,0,0,0,0,0,0,0,0,0,0.00,0,0,0,0,3,0
537,Jaikumar Thakur,2024-2024,2,2,0,4,4,2.00,30.76,0,0,1,0,0,0,0,0,0,0.00,0,0,0,0,0,0
538,Jaker Ali,2024-2024,16,14,3,216,68,19.63,123.42,0,1,0,0,0,0,0,0,0,0.00,0,0,0,0,6,2
539,Jakob Gul,2024-2024,2,2,0,31,18,15.50,119.23,0,0,0,0,0,0,0,0,0,0.00,0,0,0,0,1,0
540,Janak Prakash,2024-2024,3,3,2,25,12,25.00,156.25,0,0,0,3,72,0,103,4,3/20,25.75,8.58,18.0,0,0,5,0
541,Jasdeep Singh,2024-2024,21,10,1,57,16,6.33,83.82,0,0,1,21,432,1,639,19,2/21,33.63,8.87,22.7,0,0,8,0
542,Jason Lui,2024-2024,1,1,1,12,12*,0.00,75.00,0,0,0,0,0,0,0,0,0,0.00,0,0,0,0,0,0
543,Jaspal Singh,2024-2024,9,9,1,165,50*,20.62,112.24,0,1,1,6,120,0,141,3,1/23,47.00,7.05,40.0,0,0,5,0
544,Jaspreet Singh,2024-2024,3,1,1,7,7*,0.00,350.00,0,0,0,3,57,1,30,6,4/9,5.00,3.15,9.5,0,0,1,0
545,Jaswinder Singh,2024-2024,5,5,2,30,23*,10.00,115.38,0,0,0,5,88,0,108,7,3/17,15.42,7.36,12.5,0,0,1,0
546,Jatinder Singh,2024-2024,6,6,0,40,13,6.66,83.33,0,0,1,0,0,0,0,0,0,0.00,0,0,0,0,0,0
547,Javed Maroofkhail,2024-2024,8,6,3,88,27*,29.33,101.14,0,0,1,0,0,0,0,0,0,0.00,0,0,0,0,3,0
548,Jay Odedra,2024-2024,2,2,1,25,25*,25.00,131.57,0,0,1,2,30,0,32,3,2/13,10.66,6.40,10.0,0,0,0,0
549,Jobayer Hossen,2024-2024,4,3,1,17,10,8.50,73.91,0,0,0,4,84,0,104,9,5/25,11.55,7.42,9.3,1,0,0,0
550,Jordan O'Brien,2024-2024,7,6,0,45,22,7.50,107.14,0,0,0,0,0,0,0,0,0,0.00,0,0,0,0,4,1
551,Joshua Asia,2024-2024,7,2,1,3,2*,3.00,33.33,0,0,0,7,120,1,99,6,3/18,16.50,4.95,20.0,0,0,1,0
552,Jun Hyunwoo,2024-2024,6,6,0,15,6,2.50,35.71,0,0,1,1,24,0,25,0,0,0.00,6.25,0,0,0,0,0
553,Junaed Mullah,2024-2024,2,2,0,28,26,14.00,62.22,0,0,0,0,0,0,0,0,0,0.00,0,0,0,0,0,0
554,Junaid Aziz,2024-2024,6,3,1,33,24*,16.50,126.92,0,0,0,0,0,0,0,0,0,0.00,0,0,0,0,1,0
555,Junaid Khan,2024-2024,3,2,1,5,5*,5.00,166.66,0,0,1,3,48,0,57,2,1/9,28.50,7.12,24.0,0,0,0,0
556,Junaid Mehmood,2024-2024,1,1,1,30,30*,0.00,103.44,0,0,0,0,0,0,0,0,0,0.00,0,0,0,0,1,0
557,Junaid Siddique,2024-2024,13,4,4,8,6*,0.00,66.66,0,0,0,13,297,1,385,19,4/14,20.26,7.77,15.6,0,0,0,0
558,Junaid Siddiqui,2024-2024,2,0,0,0,0,0.00,0.00,0,0,0,2,42,0,55,1,1/27,55.00,7.85,42.0,0,0,1,0
559,K Bhurtel,2024-2024,24,23,2,383,92*,18.23,121.20,0,2,5,10,161,0,174,16,4/12,10.87,6.48,10.0,0,0,8,0
560,K Cawte,2024-2024,5,2,2,1,1*,0.00,20.00,0,0,0,5,84,0,117,5,2/23,23.40,8.35,16.8,0,0,0,0
561,K Doriga,2024-2024,11,8,1,100,27*,14.28,88.49,0,0,0,0,0,0,0,0,0,0.00,0,0,0,0,8,1
562,K Fletcher,2024-2024,4,2,2,3,3*,0.00,37.50,0,0,0,4,91,0,110,6,3/15,18.33,7.25,15.1,0,0,0,0
563,K Irakoze,2024-2024,3,1,0,0,0,0.00,0.00,0,0,1,2,35,0,62,1,1/36,62.00,10.62,35.0,0,0,0,0
564,K Juma,2024-2024,4,1,0,0,0,0.00,0.00,0,0,1,4,78,0,50,6,3/17,8.33,3.84,13.0,0,0,1,0
565,K Kadowaki-Fleming,2024-2024,20,20,3,860,109*,50.58,151.14,1,6,0,0,0,0,0,0,0,0.00,0,0,0,0,5,0
566,K Kato-Stafford,2024-2024,10,6,3,46,21,15.33,148.38,0,0,2,10,135,0,112,14,5/7,8.00,4.97,9.6,1,0,3,0
567,K Kekez,2024-2024,3,3,1,8,6,4.00,42.10,0,0,1,1,12,0,29,0,0,0.00,14.50,0,0,0,1,0
568,K Klein,2024-2024,8,5,0,21,16,4.20,87.50,0,0,2,8,162,2,172,14,4/16,12.28,6.37,11.5,0,0,1,0
569,K Kubota,2024-2024,6,1,1,0,0*,0.00,0.00,0,0,0,6,78,0,44,5,2/6,8.80,3.38,15.6,0,0,0,0
570,K Mirpuri,2024-2024,7,2,2,10,9*,0.00,62.50,0,0,0,7,144,1,176,7,3/32,25.14,7.33,20.5,0,0,1,0
571,K Namchaikul,2024-2024,5,1,1,1,1*,0.00,50.00,0,0,0,5,78,0,72,5,2/15,14.40,5.53,15.6,0,0,0,0
572,KA Maharaj,2024-2024,12,7,4,24,6,8.00,58.53,0,0,0,12,258,0,311,14,3/27,22.21,7.23,18.4,0,0,2,0
573,KD Abeyrathna,2024-2024,3,2,1,81,46*,81.00,119.11,0,0,0,2,40,1,24,4,2/6,6.00,3.60,10.0,0,0,0,0
574,KDA Lukies,2024-2024,7,3,2,11,5*,11.00,42.30,0,0,0,7,155,2,134,8,4/11,16.75,5.18,19.3,0,0,1,0
575,KDACK Gunarathne,2024-2024,3,3,1,4,3,2.00,22.22,0,0,1,0,0,0,0,0,0,0.00,0,0,0,0,0,0
576,KH Abe,2024-2024,21,18,2,255,80,15.93,128.14,0,1,2,1,6,0,8,1,1/8,8.00,8.00,6.0,0,0,3,0
577,KIC Asalanka,2024-2024,18,17,2,355,69,23.66,140.31,0,2,3,4,42,0,53,3,2/6,17.66,7.57,14.0,0,0,9,0
578,KJ Ferrary,2024-2024,4,3,2,41,30,41.00,110.81,0,0,0,3,62,0,71,7,3/26,10.14,6.87,8.8,0,0,1,0
579,KK Ahmed,2024-2024,4,1,1,0,0*,0.00,0.00,0,0,0,4,84,0,103,3,2/32,34.33,7.35,28.0,0,0,1,0
580,KK Ahuja,2024-2024,2,2,0,50,43,25.00,98.03,0,0,0,0,0,0,0,0,0,0.00,0,0,0,0,0,0
581,KK Lin Thu,2024-2024,13,12,0,92,27,7.66,63.01,0,0,0,8,132,0,148,4,2/16,37.00,6.72,33.0,0,0,5,0
582,KM Awala,2024-2024,1,1,0,0,0,0.00,0.00,0,0,1,0,0,0,0,0,0,0.00,0,0,0,0,0,0
583,KO Altamirano,2024-2024,1,1,0,0,0,0.00,0.00,0,0,1,0,0,0,0,0,0,0.00,0,0,0,0,0,0
584,KR Mayers,2024-2024,5,5,1,148,36*,37.00,140.95,0,0,0,1,6,0,9,0,0,0.00,9.00,0,0,0,5,0
585,KS Bagabena,2024-2024,7,4,2,7,4*,3.50,36.84,0,0,1,6,102,1,106,3,2/10,35.33,6.23,34.0,0,0,2,0
586,KT Maphaka,2024-2024,3,2,2,4,3*,0.00,50.00,0,0,0,3,59,0,88,1,1/25,88.00,8.94,59.0,0,0,1,0
587,KV Morea,2024-2024,6,3,2,5,3*,5.00,62.50,0,0,1,6,122,0,138,9,2/4,15.33,6.78,13.5,0,0,2,0
588,Kaleem Sana,2024-2024,11,3,2,24,13*,24.00,109.09,0,0,0,10,217,0,257,9,4/26,28.55,7.10,24.1,0,0,5,0
589,Kaleemullah,2024-2024,16,8,2,24,6*,4.00,82.75,0,0,1,16,287,1,358,12,2/15,29.83,7.48,23.9,0,0,0,0
590,Kalyan Manne,2024-2024,1,1,0,5,5,5.00,166.66,0,0,0,0,0,0,0,0,0,0.00,0,0,0,0,0,0
591,Kamal Raiz,2024-2024,1,1,0,5,5,5.00,50.00,0,0,0,1,24,0,15,1,1/15,15.00,3.75,24.0,0,0,1,0
592,Kamran Ahmadzai,2024-2024,9,9,2,201,56,28.71,179.46,0,1,0,8,113,0,151,6,4/12,25.16,8.01,18.8,0,0,6,0
593,Kamran Khan,2024-2024,4,4,0,83,37,20.75,140.67,0,0,0,1,10,0,42,0,0,0.00,25.20,0,0,0,2,0
594,Kamran Wahid,2024-2024,3,2,2,0,0*,0.00,0.00,0,0,0,2,36,0,60,2,2/34,30.00,10.00,18.0,0,0,0,0
595,Karan KC,2024-2024,20,12,3,88,17,9.77,144.26,0,0,1,20,363,1,490,18,3/35,27.22,8.09,20.1,0,0,6,0
596,Karanbir Singh,2024-2024,9,8,1,233,97,33.28,140.36,0,3,1,7,96,0,143,4,2/32,35.75,8.93,24.0,0,0,4,0
597,Karim Janat,2024-2024,13,11,3,122,28,15.25,128.42,0,0,1,6,78,0,129,3,2/13,43.00,9.92,26.0,0,0,2,0
598,Karma Dorji,2024-2024,5,2,1,4,4*,4.00,100.00,0,0,1,5,66,0,79,1,1/21,79.00,7.18,66.0,0,0,1,0
599,Kashif Abbas,2024-2024,3,3,0,26,17,8.66,144.44,0,0,0,0,0,0,0,0,0,0.00,0,0,0,0,0,0
600,Kashif Siddique,2024-2024,4,4,0,163,57,40.75,177.17,0,2,0,1,2,0,1,1,1/1,1.00,3.00,2.0,0,0,2,0
601,Kau Qalo,2024-2024,2,2,0,26,26,13.00,86.66,0,0,1,0,0,0,0,0,0,0.00,0,0,0,0,0,0
602,Kawsar Khan,2024-2024,1,1,0,21,21,21.00,161.53,0,0,0,1,24,0,32,3,3/32,10.66,8.00,8.0,0,0,2,0
603,Khalid Ahmadi,2024-2024,16,9,4,101,25*,20.20,168.33,0,0,1,16,348,0,428,24,3/23,17.83,7.37,14.5,0,0,6,0
604,Khalid Kail,2024-2024,21,18,4,294,55,21.00,110.52,0,2,0,0,0,0,0,0,0,0.00,0,0,0,0,1,0
605,Khalid Zahid,2024-2024,4,3,0,39,20,13.00,229.41,0,0,0,4,96,0,131,4,2/27,32.75,8.18,24.0,0,0,2,0
606,Khin Aye,2024-2024,13,12,3,101,24*,11.22,48.55,0,0,2,7,96,0,115,5,2/5,23.00,7.18,19.2,0,0,1,0
607,Khizar Hayat,2024-2024,10,6,5,52,18*,52.00,76.47,0,0,0,8,138,1,158,5,2/19,31.60,6.86,27.6,0,0,2,0
608,Khizer Ahmed,2024-2024,8,8,1,232,57*,33.14,141.46,0,1,0,0,0,0,0,0,0,0.00,0,0,0,0,6,2
609,Kim Daeyeon,2024-2024,6,6,1,29,16,5.80,60.41,0,0,1,5,90,0,106,8,3/27,13.25,7.06,11.2,0,0,0,0
610,Kuldeep Yadav,2024-2024,6,0,0,0,0,0.00,0.00,0,0,0,6,138,0,170,11,3/19,15.45,7.39,12.5,0,0,2,0
611,Kulwinderjeet Singh,2024-2024,4,4,0,55,33,13.75,107.84,0,0,0,0,0,0,0,0,0,0.00,0,0,0,0,0,0
612,Kushal Malla,2024-2024,19,18,3,332,55*,22.13,116.08,0,1,0,9,132,0,173,8,4/33,21.62,7.86,16.5,0,0,6,0
613,L Berthe,2024-2024,5,5,1,10,7,2.50,55.55,0,0,3,1,6,0,14,0,0,0.00,14.00,0,0,0,1,0
614,L Bruce,2024-2024,8,8,1,157,71*,22.42,104.66,0,1,0,7,138,0,182,9,3/24,20.22,7.91,15.3,0,0,4,0
615,L Canessane,2024-2024,10,10,1,171,66,19.00,115.54,0,1,0,0,0,0,0,0,0,0.00,0,0,0,0,3,0
616,L Denny,2024-2024,6,2,0,15,9,7.50,83.33,0,0,0,6,138,0,175,6,2/14,29.16,7.60,23.0,0,0,6,0
617,L Erdenebulgan,2024-2024,13,12,0,20,8,1.66,17.54,0,0,6,11,228,0,365,17,3/29,21.47,9.60,13.4,0,0,3,0
618,L Hermida,2024-2024,2,2,0,39,37,19.50,108.33,0,0,0,2,36,0,61,5,4/38,12.20,10.16,7.2,0,0,2,0
619,L Monanthane,2024-2024,9,7,0,21,7,3.00,37.50,0,0,2,9,114,0,146,3,2/9,48.66,7.68,38.0,0,0,1,0
620,LA Burns,2024-2024,11,4,2,31,24,15.50,100.00,0,0,0,11,258,2,260,18,3/8,14.44,6.04,14.3,0,0,4,0
621,LA Dunbar,2024-2024,6,6,0,93,24,15.50,75.60,0,0,0,1,6,0,7,0,0,0.00,7.00,0,0,0,1,0
622,LB Ferbrache,2024-2024,6,4,2,35,34,17.50,102.94,0,0,1,0,0,0,0,0,0,0.00,0,0,0,0,3,0
623,LE Dlamini,2024-2024,2,1,0,0,0,0.00,0.00,0,0,1,1,6,0,7,0,0,0.00,7.00,0,0,0,0,0
624,LF Muller,2024-2024,1,1,0,10,10,10.00,111.11,0,0,0,1,24,0,21,1,1/21,21.00,5.25,24.0,0,0,2,0
625,LH Ferguson,2024-2024,10,5,2,6,4,2.00,46.15,0,0,1,10,227,4,185,20,4/12,9.25,4.88,11.3,0,0,5,0
626,LJ Leokaoke,2024-2024,8,7,1,47,22,7.83,52.80,0,0,0,8,150,0,168,6,2/23,28.00,6.72,25.0,0,0,1,0
627,LJ Myott,2024-2024,4,2,1,4,3,4.00,133.33,0,0,0,4,96,1,83,7,4/11,11.85,5.18,13.7,0,0,2,0
628,LM Gabriel,2024-2024,10,10,0,93,33,9.30,67.39,0,0,1,6,72,0,106,2,1/19,53.00,8.83,36.0,0,0,3,0
629,LM Jongwe,2024-2024,10,9,2,81,33,11.57,115.71,0,0,0,9,176,0,286,10,3/20,28.60,9.75,17.6,0,0,1,0
630,LS Barkania,2024-2024,5,1,1,9,9*,0.00,56.25,0,0,0,5,83,0,42,10,4/6,4.20,3.03,8.3,0,0,1,0
631,LS Livingstone,2024-2024,16,10,2,264,87,33.00,154.38,0,1,0,12,162,1,228,14,3/22,16.28,8.44,11.5,0,0,6,0
632,LT Bichard,2024-2024,12,4,2,41,25*,20.50,102.50,0,0,0,12,258,1,319,11,3/15,29.00,7.41,23.4,0,0,8,0
633,Lakshit Gupta,2024-2024,10,10,0,104,27,10.40,85.95,0,0,1,0,0,0,0,0,0,0.00,0,0,0,0,4,0
634,Lee Kangmin,2024-2024,3,2,1,0,0*,0.00,0.00,0,0,1,2,24,0,40,0,0,0.00,10.00,0,0,0,0,0
635,Litton Das,2024-2024,18,17,1,292,54*,18.25,103.18,0,1,1,0,0,0,0,0,0,0.00,0,0,0,0,14,4
636,Lokesh Bam,2024-2024,3,2,0,20,14,10.00,125.00,0,0,0,0,0,0,0,0,0,0.00,0,0,0,0,4,0
637,Luca Petre,2024-2024,1,0,0,0,0,0.00,0.00,0,0,0,0,0,0,0,0,0,0.00,0,0,0,0,0,0
638,Luka Woods,2024-2024,8,8,0,186,84,23.25,116.98,0,1,1,8,173,0,173,6,2/13,28.83,6.00,28.8,0,0,8,0
639,Luke Ward,2024-2024,4,4,3,44,17*,44.00,115.78,0,0,0,1,6,0,4,1,1/4,4.00,4.00,6.0,0,0,1,0
640,Luo Shilin,2024-2024,7,4,1,6,3*,2.00,25.00,0,0,0,6,114,0,130,3,2/10,43.33,6.84,38.0,0,0,0,0
641,Luqman Butt,2024-2024,11,11,3,341,80*,42.62,130.15,0,2,1,11,182,0,242,7,2/11,34.57,7.97,26.0,0,0,8,0
642,Lwin Maw,2024-2024,2,1,0,3,3,3.00,60.00,0,0,0,0,0,0,0,0,0,0.00,0,0,0,0,0,0
643,M Aboagye,2024-2024,1,1,0,3,3,3.00,42.85,0,0,0,1,6,0,20,0,0,0.00,20.00,0,0,0,1,0
644,M Akayezu,2024-2024,11,7,1,39,12*,6.50,111.42,0,0,2,11,176,0,275,11,3/6,25.00,9.37,16.0,0,0,5,0
645,M Akhigbe,2024-2024,1,1,0,5,5,5.00,250.00,0,0,0,0,0,0,0,0,0,0.00,0,0,0,0,0,0
646,M Beitaki,2024-2024,6,6,0,79,28,13.16,83.15,0,0,1,0,0,0,0,0,0,0.00,0,0,0,0,4,2
647,M Campopiano,2024-2024,5,4,2,60,26,30.00,117.64,0,0,0,0,0,0,0,0,0,0.00,0,0,0,0,1,0
648,M Choamba,2024-2024,15,10,3,46,16,6.57,70.76,0,0,2,11,144,0,149,9,3/6,16.55,6.20,16.0,0,0,4,0
649,M Coetzee,2024-2024,21,19,0,343,102,18.05,135.03,1,1,1,0,0,0,0,0,0,0.00,0,0,0,0,8,0
650,M Cope,2024-2024,3,2,1,4,3*,4.00,57.14,0,0,0,3,60,0,60,3,2/30,20.00,6.00,20.0,0,0,3,0
651,M Dale-Bradley,2024-2024,12,6,2,73,33,18.25,148.97,0,0,0,12,246,0,267,15,3/11,17.80,6.51,16.4,0,0,2,0
652,M Faraz Akram,2024-2024,5,4,2,76,34*,38.00,168.88,0,0,0,5,90,0,153,1,1/44,153.00,10.20,90.0,0,0,1,0
653,M Fontaine,2024-2024,4,3,2,31,24*,31.00,110.71,0,0,1,2,7,0,13,0,0,0.00,11.14,0,0,0,1,0
654,M Gogev,2024-2024,7,7,0,107,55,15.28,120.22,0,1,2,7,132,0,184,3,2/39,61.33,8.36,44.0,0,0,2,0
655,M Gouws,2024-2024,4,0,0,0,0,0.00,0.00,0,0,0,4,63,0,100,3,3/22,33.33,9.52,21.0,0,0,0,0
656,M Grzinic,2024-2024,3,3,0,12,6,4.00,63.15,0,0,0,2,36,1,18,4,2/7,4.50,3.00,9.0,0,0,1,0
657,M Gunasekara,2024-2024,11,10,1,154,41,17.11,120.31,0,0,2,11,226,1,283,8,2/8,35.37,7.51,28.2,0,0,5,0
658,M Iturbe,2024-2024,1,0,0,0,0,0.00,0.00,0,0,0,0,0,0,0,0,0,0.00,0,0,0,0,0,0
659,M Jansen,2024-2024,13,10,3,134,54,19.14,167.50,0,1,1,13,283,1,332,10,3/16,33.20,7.03,28.3,0,0,8,0
660,M Jele,2024-2024,5,5,0,23,15,4.60,85.18,0,0,2,5,71,0,99,4,1/9,24.75,8.36,17.7,0,0,1,0
661,M Jobarteh,2024-2024,3,2,1,0,0*,0.00,0.00,0,0,1,3,60,0,152,3,2/28,50.66,15.20,20.0,0,0,0,0
662,M Koli,2024-2024,8,1,0,0,0,0.00,0.00,0,0,1,8,192,2,200,15,5/28,13.33,6.25,12.8,1,0,1,0
663,M Leporoporo,2024-2024,3,1,1,3,3*,0.00,75.00,0,0,0,2,42,0,33,3,2/8,11.00,4.71,14.0,0,0,0,0
664,M Levitt,2024-2024,18,17,1,552,135,34.50,143.75,1,4,1,3,48,0,83,2,2/35,41.50,10.37,24.0,0,0,4,0
665,M Magagula,2024-2024,5,5,1,62,20,15.50,87.32,0,0,0,5,96,0,89,5,2/16,17.80,5.56,19.2,0,0,1,0
666,M Malle,2024-2024,5,5,0,10,8,2.00,17.54,0,0,2,2,24,0,33,1,1/13,33.00,8.25,24.0,0,0,0,0
667,M Mariyappan,2024-2024,3,3,0,18,16,6.00,64.28,0,0,1,0,0,0,0,0,0,0.00,0,0,0,0,2,0
668,MA Baig,2024-2024,8,6,2,69,19*,17.25,71.87,0,0,0,8,167,1,86,11,5/4,7.81,3.08,15.1,1,0,5,0
669,MA Jones,2024-2024,7,7,1,114,45*,19.00,134.11,0,0,0,0,0,0,0,0,0,0.00,0,0,0,0,4,0
670,MA Leask,2024-2024,13,11,0,148,35,13.45,124.36,0,0,0,9,108,0,144,4,1/7,36.00,8.00,27.0,0,0,4,0
671,MB Kruger,2024-2024,17,17,2,236,59*,15.73,98.74,0,1,0,0,0,0,0,0,0,0.00,0,0,0,0,5,0
672,ME Leoela,2024-2024,9,8,1,18,11,2.57,47.36,0,0,2,1,6,0,17,0,0,0.00,17.00,0,0,0,5,0
673,MF Manjate,2024-2024,4,1,0,0,0,0.00,0.00,0,0,1,1,6,0,11,0,0,0.00,11.00,0,0,0,1,0
674,MFI Assuncao,2024-2024,1,1,0,13,13,13.00,260.00,0,0,0,0,0,0,0,0,0,0.00,0,0,0,0,0,0
675,MG Bracewell,2024-2024,8,6,0,81,27,13.50,100.00,0,0,2,7,144,0,199,6,2/23,33.16,8.29,24.0,0,0,3,0
676,MG Erasmus,2024-2024,13,13,2,363,77,33.00,128.72,0,4,1,12,234,0,245,18,3/7,13.61,6.28,13.0,0,0,2,0
677,MH Cross,2024-2024,11,10,2,212,49,26.50,117.12,0,0,0,0,0,0,0,0,0,0.00,0,0,0,0,3,1
678,MJ Ansell,2024-2024,5,3,1,21,12,10.50,105.00,0,0,0,5,120,0,94,4,1/12,23.50,4.70,30.0,0,0,3,0
679,MJ Hay,2024-2024,2,2,0,3,3,1.50,42.85,0,0,1,0,0,0,0,0,0,0.00,0,0,0,0,6,1
680,MJ Henry,2024-2024,5,4,2,14,12,7.00,66.66,0,0,0,5,114,0,169,7,2/22,24.14,8.89,16.2,0,0,1,0
681,MJ Humphreys,2024-2024,2,1,1,0,0*,0.00,0.00,0,0,0,2,48,0,58,1,1/30,58.00,7.25,48.0,0,0,1,0
682,MJM Kavana,2024-2024,4,1,0,9,9,9.00,50.00,0,0,0,2,28,0,43,3,2/42,14.33,9.21,9.3,0,0,0,0
683,MM Ali,2024-2024,10,6,0,75,25,12.50,129.31,0,0,0,6,90,0,122,6,2/26,20.33,8.13,15.0,0,0,3,0
684,MM Baig,2024-2024,3,3,0,8,5,2.66,100.00,0,0,1,3,36,0,44,2,1/7,22.00,7.33,18.0,0,0,1,0
685,MNM Aslam,2024-2024,20,12,1,225,51*,20.45,115.97,0,1,1,20,432,1,414,17,3/16,24.35,5.75,25.4,0,0,5,0
686,MO Kitunda,2024-2024,11,10,1,129,45,14.33,90.84,0,0,2,0,0,0,0,0,0,0.00,0,0,0,0,1,0
687,MP Breetzke,2024-2024,5,5,1,106,51,26.50,116.48,0,1,0,0,0,0,0,0,0,0.00,0,0,0,0,3,0
688,MR Adair,2024-2024,14,12,2,157,49,15.70,141.44,0,0,1,14,327,0,426,25,4/31,17.04,7.81,13.0,0,0,4,0
689,MR Marsh,2024-2024,16,15,2,357,72*,27.46,143.95,0,1,0,2,36,0,39,2,1/18,19.50,6.50,18.0,0,0,7,0
690,MS Chapman,2024-2024,16,15,4,202,87*,18.36,131.16,0,1,0,0,0,0,0,0,0,0.00,0,0,0,0,5,0
691,MS Diakite,2024-2024,5,5,0,14,10,2.80,36.84,0,0,3,0,0,0,0,0,0,0.00,0,0,0,0,0,0
692,MTMMJ Ave,2024-2024,6,6,3,105,44*,35.00,97.22,0,0,0,0,0,0,0,0,0,0.00,0,0,0,0,9,2
693,MV Matsau,2024-2024,2,2,1,2,1*,2.00,18.18,0,0,0,1,6,0,7,0,0,0.00,7.00,0,0,0,0,0
694,MW Forde,2024-2024,5,2,1,18,13*,18.00,138.46,0,0,0,5,87,0,124,8,3/27,15.50,8.55,10.8,0,0,4,0
695,Ma Qiancheng,2024-2024,7,4,1,9,7,3.00,27.27,0,0,0,7,141,0,160,10,5/9,16.00,6.80,14.1,1,0,0,0
696,Maaz Khan,2024-2024,10,10,0,203,61,20.30,139.04,0,1,2,2,30,0,37,2,2/24,18.50,7.40,15.0,0,0,3,0
697,Maaz Patel,2024-2024,1,0,0,0,0,0.00,0.00,0,0,0,0,0,0,0,0,0,0.00,0,0,0,0,0,0
698,Mabsar Abdulla,2024-2024,2,1,0,11,11,11.00,52.38,0,0,0,0,0,0,0,0,0,0.00,0,0,0,0,1,0
699,Mahedi Hasan,2024-2024,10,5,1,43,19,10.75,95.55,0,0,1,10,219,1,278,4,2/16,69.50,7.61,54.7,0,0,3,0
700,Mahmudullah,2024-2024,20,17,3,322,54,23.00,117.94,0,2,1,10,105,0,123,3,1/1,41.00,7.02,35.0,0,0,5,0
701,Manan Ali,2024-2024,13,11,2,212,47*,23.55,170.96,0,0,0,0,0,0,0,0,0,0.00,0,0,0,0,5,1
702,Manan Bashir,2024-2024,3,3,0,35,22,11.66,112.90,0,0,0,0,0,0,0,0,0,0.00,0,0,0,0,1,0
703,Mandeep Singh,2024-2024,5,4,1,59,31*,19.66,109.25,0,0,0,0,0,0,0,0,0,0.00,0,0,0,0,3,0
704,Manish Sharma,2024-2024,4,2,1,0,0*,0.00,0.00,0,0,1,0,0,0,0,0,0,0.00,0,0,0,0,0,0
705,Manoj Adhikari,2024-2024,4,3,1,17,7,8.50,141.66,0,0,0,0,0,0,0,0,0,0.00,0,0,0,0,2,1
706,Manpreet Singh,2024-2024,6,5,0,134,53,26.80,142.55,0,2,1,0,0,0,0,0,0,0.00,0,0,0,0,4,0
707,Mansoor Malangzai,2024-2024,4,4,0,86,33,21.50,150.87,0,0,0,0,0,0,0,0,0,0.00,0,0,0,0,1,0
708,Mazhar Khan,2024-2024,2,1,0,2,2,2.00,20.00,0,0,0,0,0,0,0,0,0,0.00,0,0,0,0,0,0
709,Mazharul Islam,2024-2024,5,5,1,54,29,13.50,78.26,0,0,1,2,18,0,36,1,1/29,36.00,12.00,18.0,0,0,1,0
710,Meet Bhavsar,2024-2024,20,20,3,457,59,26.88,128.37,0,3,0,1,18,0,17,0,0,0.00,5.66,0,0,0,8,2
711,Mehidy Hasan Miraz,2024-2024,2,2,1,51,35*,51.00,106.25,0,0,0,2,24,0,53,1,1/7,53.00,13.25,24.0,0,0,2,0
712,Mehran Khan,2024-2024,15,13,0,107,27,8.23,88.42,0,0,3,13,234,2,265,18,3/7,14.72,6.79,13.0,0,0,5,0
713,Merwais Shinwari,2024-2024,6,4,2,13,12,6.50,59.09,0,0,1,6,114,0,135,8,4/31,16.87,7.10,14.2,0,0,2,0
714,Milad Momend,2024-2024,5,3,1,6,6,3.00,35.29,0,0,1,5,96,0,158,5,2/15,31.60,9.87,19.2,0,0,2,0
715,Milind Kumar,2024-2024,12,11,4,172,43*,24.57,96.08,0,0,0,6,84,1,121,6,5/16,20.16,8.64,14.0,1,0,4,0
716,Mirza Ahmed,2024-2024,1,1,1,1,1*,0.00,100.00,0,0,0,1,12,0,18,0,0,0.00,9.00,0,0,0,0,0
717,Mohamed Azzam,2024-2024,17,15,2,109,25,8.38,64.88,0,0,2,0,0,0,0,0,0,0.00,0,0,0,0,9,0
718,Mohamed Coulibaly,2024-2024,3,3,0,2,1,0.66,8.69,0,0,1,2,11,0,31,1,1/12,31.00,16.90,11.0,0,0,0,0
719,Mohamed Fadiga,2024-2024,1,1,0,0,0,0.00,0.00,0,0,1,0,0,0,0,0,0,0.00,0,0,0,0,0,0
720,Mohamed Ishmath,2024-2024,8,2,0,0,0,0.00,0.00,0,0,2,8,156,0,188,5,2/20,37.60,7.23,31.2,0,0,1,0
721,Mohamed Miuvaan,2024-2024,2,1,0,0,0,0.00,0.00,0,0,1,2,24,0,32,0,0,0.00,8.00,0,0,0,0,0
722,Mohamed Rishwan,2024-2024,6,5,0,39,23,7.80,54.92,0,0,1,0,0,0,0,0,0,0.00,0,0,0,0,2,0
723,Mohamed Shafeeq,2024-2024,14,3,0,8,5,2.66,72.72,0,0,1,14,306,1,329,13,3/35,25.30,6.45,23.5,0,0,3,0
724,Mohamed Shiyam,2024-2024,5,4,2,37,25*,18.50,68.51,0,0,1,3,24,0,63,1,1/22,63.00,15.75,24.0,0,0,3,0
725,Mohameed Taiwo,2024-2024,7,6,5,38,19*,38.00,88.37,0,0,0,7,128,0,140,6,3/23,23.33,6.56,21.3,0,0,5,0
726,Mohammad Ahnaff,2024-2024,4,4,0,86,32,21.50,116.21,0,0,0,0,0,0,0,0,0,0.00,0,0,0,0,1,0
727,Mohammad Amin,2024-2024,2,2,0,23,13,11.50,88.46,0,0,0,0,0,0,0,0,0,0.00,0,0,0,0,0,0
728,Mohammad Amir,2024-2024,12,3,2,6,5,6.00,150.00,0,0,0,11,242,1,295,12,2/11,24.58,7.31,20.1,0,0,6,0
729,Mohammad Atif,2024-2024,5,1,0,1,1,1.00,50.00,0,0,0,5,120,0,117,5,2/13,23.40,5.85,24.0,0,0,4,0
730,Mohammad Ghazanfar,2024-2024,1,0,0,0,0,0.00,0.00,0,0,0,0,0,0,0,0,0,0.00,0,0,0,0,0,0
731,Mohammad Ihsan,2024-2024,11,11,1,295,57,29.50,154.45,0,1,0,0,0,0,0,0,0,0.00,0,0,0,0,5,1
732,Mohammad Ishaq,2024-2024,4,4,1,75,32,25.00,141.50,0,0,1,0,0,0,0,0,0,0.00,0,0,0,0,1,0
733,Mohammad Nabi,2024-2024,18,18,4,289,59,20.64,120.92,0,1,2,15,198,0,254,8,2/16,31.75,7.69,24.7,0,0,12,0
734,Mohammad Nadeem,2024-2024,8,6,1,54,30,10.80,105.88,0,0,0,6,78,0,116,4,2/16,29.00,8.92,19.5,0,0,1,0
735,Mohammad Nawaz,2024-2024,3,3,1,50,28,25.00,178.57,0,0,0,3,72,0,103,3,2/18,34.33,8.58,24.0,0,0,2,0
736,Mohammad Rizwan,2024-2024,19,18,5,532,90*,40.92,117.96,0,4,2,0,0,0,0,0,0,0.00,0,0,0,0,11,0
737,Mohammad Saifuddin,2024-2024,4,1,1,6,6*,0.00,150.00,0,0,0,4,96,0,149,8,3/15,18.62,9.31,12.0,0,0,2,0
738,Mohammad Saleem,2024-2024,1,0,0,0,0,0.00,0.00,0,0,0,1,18,0,43,0,0,0.00,14.33,0,0,0,0,0
739,Mohammad Wasim,2024-2024,2,1,1,1,1*,0.00,33.33,0,0,0,2,42,0,59,1,1/35,59.00,8.42,42.0,0,0,1,0
740,Mohammad Yasin,2024-2024,6,6,0,73,34,12.16,100.00,0,0,1,0,0,0,0,0,0,0.00,0,0,0,0,1,0
741,Mohammed Alamgir,2024-2024,5,5,3,80,33,40.00,100.00,0,0,0,4,35,0,64,4,2/12,16.00,10.97,8.7,0,0,0,0
742,Mohammed Irshad,2024-2024,3,3,0,33,22,11.00,165.00,0,0,0,2,15,0,29,0,0,0.00,11.60,0,0,0,2,0
743,Mohammed Siraj,2024-2024,6,2,1,7,7*,7.00,87.50,0,0,1,6,120,0,118,2,1/13,59.00,5.90,60.0,0,0,2,0
744,Muhamad Syahadat,2024-2024,7,7,4,56,27*,18.66,62.92,0,0,0,1,5,0,6,0,0,0.00,7.20,0,0,0,1,0
745,Muhammad Amir,2024-2024,18,16,2,186,30,13.28,96.87,0,0,1,12,215,2,246,13,3/20,18.92,6.86,16.5,0,0,7,0
746,Muhammad Babar,2024-2024,2,2,0,61,46,30.50,174.28,0,0,0,0,0,0,0,0,0,0.00,0,0,0,0,0,0
747,Muhammad Burhan,2024-2024,4,3,0,15,7,5.00,78.94,0,0,0,4,90,0,99,7,4/25,14.14,6.60,12.8,0,0,2,0
748,Muhammad Farooq,2024-2024,8,1,0,18,18,18.00,138.46,0,0,0,8,168,0,214,9,2/14,23.77,7.64,18.6,0,0,2,0
749,Muhammad Jabir,2024-2024,4,2,1,0,0*,0.00,0.00,0,0,1,4,90,0,130,2,1/32,65.00,8.66,45.0,0,0,0,0
750,Muhammad Jawadullah,2024-2024,5,1,1,13,13*,0.00,118.18,0,0,0,5,113,0,154,10,3/33,15.40,8.17,11.3,0,0,2,0
751,Muhammad Moiz,2024-2024,8,8,0,90,25,11.25,128.57,0,0,1,7,141,1,173,12,3/26,14.41,7.36,11.7,0,0,6,0
752,Muhammad Muneeb,2024-2024,15,15,1,341,54,24.35,124.00,0,2,2,1,12,0,12,0,0,0.00,6.00,0,0,0,7,0
753,Muhammad Nadir,2024-2024,15,8,4,54,17*,13.50,112.50,0,0,0,15,342,1,316,17,3/47,18.58,5.54,20.1,0,0,4,0
754,Muhammad Saleem,2024-2024,1,1,0,22,22,22.00,200.00,0,0,0,0,0,0,0,0,0,0.00,0,0,0,0,1,0
755,Muhammad Salman,2024-2024,1,0,0,0,0,0.00,0.00,0,0,0,1,6,0,12,0,0,0.00,12.00,0,0,0,0,0
756,Muhammad Siddiqui,2024-2024,6,6,0,82,31,13.66,106.49,0,0,1,6,126,0,107,8,3/10,13.37,5.09,15.7,0,0,3,0
757,Muhammad Tahir,2024-2024,2,1,0,3,3,3.00,30.00,0,0,0,2,17,0,21,1,1/9,21.00,7.41,17.0,0,0,0,0
758,Muhammad Tanveer,2024-2024,7,7,1,350,80*,58.33,148.93,0,3,0,1,6,0,22,0,0,0.00,22.00,0,0,0,6,0
759,Muhammad Umar,2024-2024,11,7,2,99,30*,19.80,150.00,0,0,0,0,0,0,0,0,0,0.00,0,0,0,0,6,0
760,Muhammad Wafiq,2024-2024,9,3,1,5,4*,2.50,38.46,0,0,1,8,108,0,173,2,1/23,86.50,9.61,54.0,0,0,1,0
761,Muhammad Waseem,2024-2024,14,14,2,530,100,44.16,161.58,1,4,2,1,6,0,8,1,1/8,8.00,8.00,6.0,0,0,12,0
762,Muhammad Zafar Khan,2024-2024,5,5,2,67,24,22.33,121.81,0,0,0,0,0,0,0,0,0,0.00,0,0,0,0,0,0
763,Muhammed Manga,2024-2024,2,2,0,25,25,12.50,86.20,0,0,1,0,0,0,0,0,0,0.00,0,0,0,0,1,0
764,Muhammed Turkmen,2024-2024,2,2,0,7,6,3.50,100.00,0,0,0,1,12,0,28,0,0,0.00,14.00,0,0,0,0,0
765,Muhammet Bicer,2024-2024,3,3,1,6,5,3.00,100.00,0,0,1,0,0,0,0,0,0,0.00,0,0,0,0,0,0
766,Mujeeb Ur Rahman,2024-2024,3,1,0,21,21,21.00,233.33,0,0,0,3,54,1,69,3,2/21,23.00,7.66,18.0,0,0,0,0
767,Mukesh Kumar,2024-2024,6,1,0,0,0,0.00,0.00,0,0,1,6,121,0,173,10,4/22,17.30,8.57,12.1,0,0,0,0
768,Mukhtar Ghulami,2024-2024,6,4,0,20,11,5.00,54.05,0,0,1,0,0,0,0,0,0,0.00,0,0,0,0,1,0
769,Murid Ekrami,2024-2024,4,3,1,43,28,21.50,130.30,0,0,1,4,62,0,108,2,1/15,54.00,10.45,31.0,0,0,1,0
770,Musaddiq Ahmed,2024-2024,4,4,0,99,48,24.75,180.00,0,0,0,4,84,0,103,2,1/22,51.50,7.35,42.0,0,0,4,0
771,Musawar Shah,2024-2024,6,2,2,1,1*,0.00,100.00,0,0,0,6,126,0,166,10,3/42,16.60,7.90,12.6,0,0,1,0
772,Muslim Yar,2024-2024,4,2,0,22,15,11.00,146.66,0,0,0,4,96,0,94,6,2/15,15.66,5.87,16.0,0,0,1,0
773,Mustafizur Rahman,2024-2024,18,7,3,16,7*,4.00,66.66,0,0,1,18,408,2,516,27,6/10,19.11,7.58,15.1,1,0,4,0
774,Mustapha Suwareh,2024-2024,2,2,0,4,3,2.00,28.57,0,0,0,0,0,0,0,0,0,0.00,0,0,0,0,0,0
775,Muzahir Raza,2024-2024,3,2,2,1,1*,0.00,100.00,0,0,0,3,66,0,88,5,3/42,17.60,8.00,13.2,0,0,0,0
776,Myat Thu Aung,2024-2024,7,4,1,9,4,3.00,26.47,0,0,0,2,24,0,24,1,1/13,24.00,6.00,24.0,0,0,0,0
777,N Advani,2024-2024,1,0,0,0,0,0.00,0.00,0,0,0,1,14,0,14,4,4/14,3.50,6.00,3.5,0,0,0,0
778,N Burger,2024-2024,1,0,0,0,0,0.00,0.00,0,0,0,1,18,0,47,0,0,0.00,15.66,0,0,0,0,0
779,N Chejay,2024-2024,5,4,0,42,34,10.50,80.76,0,0,1,0,0,0,0,0,0,0.00,0,0,0,0,0,1
780,N Davin,2024-2024,7,7,0,102,25,14.57,93.57,0,0,0,0,0,0,0,0,0,0.00,0,0,0,0,6,0
781,N Dutta,2024-2024,3,0,0,0,0,0.00,0.00,0,0,0,3,52,0,83,1,1/41,83.00,9.57,52.0,0,0,0,0
782,N Gnanapragasam,2024-2024,1,1,0,0,0,0.00,0.00,0,0,1,1,12,0,8,0,0,0.00,4.00,0,0,0,1,0
783,N Katechis,2024-2024,4,2,1,4,3*,4.00,23.52,0,0,0,0,0,0,0,0,0,0.00,0,0,0,0,3,0
784,N Krishna,2024-2024,5,4,2,15,10,7.50,57.69,0,0,1,4,63,0,122,5,2/22,24.40,11.61,12.6,0,0,0,0
785,N Mugabe,2024-2024,17,17,2,373,71,24.86,110.02,0,2,3,2,36,0,60,0,0,0.00,10.00,0,0,0,1,0
786,NA Greenwood,2024-2024,9,9,1,265,85*,33.12,144.80,0,2,0,8,162,0,140,9,3/8,15.55,5.18,18.0,0,0,3,0
787,ND Laegsgaard,2024-2024,6,6,3,98,62,32.66,155.55,0,1,2,6,102,0,123,2,1/19,61.50,7.23,51.0,0,0,2,0
788,NK Aneesh Kumar,2024-2024,4,2,0,2,2,1.00,28.57,0,0,1,4,83,0,77,5,2/19,15.40,5.56,16.6,0,0,4,0
789,NP Kenjige,2024-2024,21,8,3,10,6*,2.00,47.61,0,0,3,20,376,0,495,19,3/21,26.05,7.89,19.7,0,0,4,0
790,NR Kirton,2024-2024,15,15,1,391,69*,27.92,121.42,0,2,0,3,24,0,54,1,1/14,54.00,13.50,24.0,0,0,5,0
791,NR Kumar,2024-2024,18,16,2,277,64,19.78,119.91,0,1,1,2,24,0,24,1,1/13,24.00,6.00,24.0,0,0,10,0
792,NRJ Croes,2024-2024,9,7,3,120,33*,30.00,129.03,0,0,0,0,0,0,0,0,0,0.00,0,0,0,0,7,0
793,NS Dhaliwal,2024-2024,9,9,0,113,61,12.55,94.16,0,1,2,0,0,0,0,0,0,0.00,0,0,0,0,3,0
794,NT Ellis,2024-2024,7,2,2,12,11*,0.00,63.15,0,0,0,7,130,1,140,9,3/9,15.55,6.46,14.4,0,0,2,0
795,Najibullah Zadran,2024-2024,11,10,3,106,28*,15.14,121.83,0,0,2,0,0,0,0,0,0,0.00,0,0,0,0,1,0
796,Najjam Shahzad,2024-2024,5,5,1,36,21*,9.00,109.09,0,0,2,4,78,0,82,4,2/11,20.50,6.30,19.5,0,0,6,0
797,Namgay Thinley,2024-2024,12,11,3,54,15,6.75,61.36,0,0,2,11,228,0,237,6,3/14,39.50,6.23,38.0,0,0,3,0
798,O Duff,2024-2024,2,1,0,3,3,3.00,300.00,0,0,0,2,16,0,28,2,2/17,14.00,10.50,8.0,0,0,0,0
799,O Lutbayar,2024-2024,12,11,0,39,18,3.54,51.31,0,0,4,11,166,0,311,6,1/5,51.83,11.24,27.6,0,0,4,0
800,O Manishimwe,2024-2024,15,15,2,472,79*,36.30,109.25,0,5,1,0,0,0,0,0,0,0.00,0,0,0,0,2,0
801,OC McCoy,2024-2024,8,0,0,0,0,0.00,0.00,0,0,0,8,121,0,192,8,3/14,24.00,9.52,15.1,0,0,0,0
802,OD Hald,2024-2024,4,3,0,32,28,10.66,118.51,0,0,0,4,54,0,71,5,3/12,14.20,7.88,10.8,0,0,2,0
803,OEG Baartman,2024-2024,10,2,0,1,1,0.50,16.66,0,0,1,10,216,1,250,14,4/11,17.85,6.94,15.4,0,0,3,0
804,OJ Hairs,2024-2024,7,7,0,46,15,6.57,86.79,0,0,2,0,0,0,0,0,0,0.00,0,0,0,0,0,0
805,P Aho,2024-2024,2,2,0,13,13,6.50,108.33,0,0,1,2,18,0,38,0,0,0.00,12.66,0,0,0,1,0
806,P Arora,2024-2024,1,1,0,0,0,0.00,0.00,0,0,1,0,0,0,0,0,0,0.00,0,0,0,0,1,0
807,P Baron,2024-2024,1,1,1,69,69*,0.00,276.00,0,1,0,0,0,0,0,0,0,0.00,0,0,0,0,0,0
808,P Bosnjak,2024-2024,3,3,0,1,1,0.33,8.33,0,0,2,0,0,0,0,0,0,0.00,0,0,0,0,0,0
809,P Dakainivanua,2024-2024,6,6,1,65,39*,13.00,86.66,0,0,1,5,120,0,112,7,3/11,16.00,5.60,17.1,0,0,0,0
810,P Deol,2024-2024,3,3,0,17,8,5.66,56.66,0,0,0,1,24,0,31,0,0,0.00,7.75,0,0,0,1,0
811,P Desungnoen,2024-2024,1,1,0,3,3,3.00,75.00,0,0,0,1,18,0,24,0,0,0.00,8.00,0,0,0,0,0
812,P Gheewala,2024-2024,7,2,1,13,7*,13.00,130.00,0,0,0,7,120,0,169,7,3/22,24.14,8.45,17.1,0,0,1,0
813,P Gopalkrishnan,2024-2024,1,1,0,0,0,0.00,0.00,0,0,1,1,6,0,5,1,1/5,5.00,5.00,6.0,0,0,0,0
814,P Hingorani,2024-2024,5,1,1,0,0*,0.00,0.00,0,0,0,1,12,0,17,1,1/17,17.00,8.50,12.0,0,0,3,0
815,P Kotoisuva,2024-2024,6,6,2,38,28*,9.50,118.75,0,0,2,4,60,0,71,3,2/25,23.66,7.10,20.0,0,0,0,0
816,P Kumbhare,2024-2024,8,1,0,0,0,0.00,0.00,0,0,1,8,162,4,136,10,3/8,13.60,5.03,16.2,0,0,2,0
817,P Malav,2024-2024,3,1,0,1,1,1.00,50.00,0,0,0,3,72,0,85,7,3/26,12.14,7.08,10.2,0,0,1,0
818,P Mishra,2024-2024,7,7,2,60,25,12.00,74.07,0,0,0,6,114,0,127,3,1/19,42.33,6.68,38.0,0,0,0,0
819,PB Gouge,2024-2024,3,2,0,100,52,50.00,153.84,0,1,0,0,0,0,0,0,0,0.00,0,0,0,0,2,1
820,PD Blignaut,2024-2024,4,1,0,0,0,0.00,0.00,0,0,1,4,66,0,75,2,1/7,37.50,6.81,33.0,0,0,1,0
821,PE Kruger,2024-2024,7,5,1,72,44,18.00,120.00,0,0,0,7,116,1,179,8,4/27,22.37,9.25,14.5,0,0,1,0
822,PHKD Mendis,2024-2024,16,14,1,298,65*,22.92,123.65,0,2,0,5,60,0,78,2,1/14,39.00,7.80,30.0,0,0,11,0
823,PJ Cummins,2024-2024,7,4,1,42,28,14.00,107.69,0,0,1,7,156,1,206,11,3/28,18.72,7.92,14.1,0,0,1,0
824,PK Ananya,2024-2024,4,3,1,19,18*,9.50,100.00,0,0,1,0,0,0,0,0,0,0.00,0,0,0,0,0,0
825,PK Langat,2024-2024,11,4,3,9,5,9.00,60.00,0,0,0,11,216,0,292,8,3/32,36.50,8.11,27.0,0,0,5,0
826,PK Matautaava,2024-2024,5,5,0,56,28,11.20,67.46,0,0,1,5,84,0,77,3,1/10,25.66,5.50,28.0,0,0,3,0
827,PS Athavale,2024-2024,16,12,0,229,54,19.08,131.60,0,1,1,0,0,0,0,0,0,0.00,0,0,0,0,8,5
828,PS Bais,2024-2024,7,5,2,17,9*,5.66,53.12,0,0,1,7,156,0,124,12,6/14,10.33,4.76,13.0,1,0,2,0
829,PVD Chameera,2024-2024,3,1,1,6,6*,0.00,300.00,0,0,0,3,60,0,81,3,2/30,27.00,8.10,20.0,0,0,1,0
830,PW Hasaranga,2024-2024,18,16,3,173,67,13.30,146.61,0,1,4,18,410,1,482,34,4/15,14.17,7.05,12.0,0,0,12,0
831,PWA Mulder,2024-2024,6,5,1,54,36,13.50,117.39,0,0,1,5,54,0,105,3,2/51,35.00,11.66,18.0,0,0,2,0
832,Q de Kock,2024-2024,12,12,0,307,74,25.58,146.19,0,2,1,0,0,0,0,0,0,0.00,0,0,0,0,8,2
833,R Abdulkareem,2024-2024,2,2,0,20,11,10.00,68.96,0,0,0,2,48,1,50,2,1/17,25.00,6.25,24.0,0,0,2,0
834,R Ankad,2024-2024,7,6,1,53,20*,10.60,66.25,0,0,0,7,132,0,100,8,2/12,12.50,4.54,16.5,0,0,1,0
835,R Athapaththu,2024-2024,3,2,2,30,28*,0.00,200.00,0,0,0,2,48,0,72,4,3/23,18.00,9.00,12.0,0,0,0,0
836,R Baaleri,2024-2024,7,7,2,124,51*,24.80,86.71,0,1,0,6,106,0,154,7,4/6,22.00,8.71,15.1,0,0,2,0
837,R Bakum,2024-2024,2,2,0,43,23,21.50,93.47,0,0,0,1,12,0,20,0,0,0.00,10.00,0,0,0,0,0
838,R Brar,2024-2024,4,2,1,3,2*,3.00,60.00,0,0,0,1,24,0,45,0,0,0.00,11.25,0,0,0,0,0
839,R Chopra,2024-2024,6,4,2,71,36*,35.50,91.02,0,0,0,0,0,0,0,0,0,0.00,0,0,0,0,6,0
840,R Dhakal,2024-2024,6,1,1,1,1*,0.00,100.00,0,0,0,6,126,0,160,6,2/17,26.66,7.61,21.0,0,0,4,0
841,R Dianish,2024-2024,5,5,0,92,48,18.40,92.92,0,0,1,2,18,0,23,1,1/15,23.00,7.66,18.0,0,0,1,0
842,R Drake,2024-2024,7,4,4,23,11*,0.00,95.83,0,0,0,7,90,0,164,2,1/8,82.00,10.93,45.0,0,0,2,0
843,R Galgalikar,2024-2024,2,2,0,18,18,9.00,90.00,0,0,1,1,18,0,9,3,3/9,3.00,3.00,6.0,0,0,1,0
844,R Gaznavi,2024-2024,3,3,0,16,16,5.33,59.25,0,0,2,0,0,0,0,0,0,0.00,0,0,0,0,0,0
845,R Kalimuthu,2024-2024,11,3,2,24,16*,24.00,126.31,0,0,0,11,223,2,288,21,5/21,13.71,7.74,10.6,1,0,1,0
846,R Khanyapa,2024-2024,5,3,1,19,14,9.50,90.47,0,0,0,0,0,0,0,0,0,0.00,0,0,0,0,1,0
847,R Klein,2024-2024,4,4,1,69,36*,23.00,116.94,0,0,1,0,0,0,0,0,0,0.00,0,0,0,0,4,0
848,R Kumar,2024-2024,1,0,0,0,0,0.00,0.00,0,0,0,0,0,0,0,0,0,0.00,0,0,0,0,0,0
849,R Lutaaya,2024-2024,2,2,0,4,4,2.00,57.14,0,0,1,0,0,0,0,0,0,0.00,0,0,0,0,0,0
850,R Mangal,2024-2024,1,0,0,0,0,0.00,0.00,0,0,0,1,24,0,19,1,1/19,19.00,4.75,24.0,0,0,2,0
851,R Mazumder,2024-2024,7,6,0,68,41,11.33,97.14,0,0,1,0,0,0,0,0,0,0.00,0,0,0,0,4,0
852,RA Jadeja,2024-2024,8,5,2,35,17*,11.66,159.09,0,0,1,7,84,0,106,1,1/20,106.00,7.57,84.0,0,0,3,0
853,RD Atangana,2024-2024,5,3,0,8,4,2.66,32.00,0,0,1,4,48,1,33,4,2/0,8.25,4.12,12.0,0,0,0,0
854,RD Berrington,2024-2024,12,11,2,198,47*,22.00,122.22,0,0,1,0,0,0,0,0,0,0.00,0,0,0,0,2,0
855,RD Gaikwad,2024-2024,4,3,1,133,77*,66.50,158.33,0,1,0,0,0,0,0,0,0,0.00,0,0,0,0,1,0
856,RG Mukasa,2024-2024,7,7,0,189,69,27.00,109.88,0,2,3,0,0,0,0,0,0,0.00,0,0,0,0,6,0
857,RL Chase,2024-2024,18,14,5,297,67*,33.00,132.00,0,2,2,17,294,1,354,12,3/12,29.50,7.22,24.5,0,0,7,0
858,RM Dorji,2024-2024,13,13,0,228,57,17.53,107.04,0,1,1,8,126,0,146,6,2/16,24.33,6.95,21.0,0,0,1,0
859,RM Koda,2024-2024,22,6,4,6,4*,3.00,40.00,0,0,2,22,453,1,434,21,3/14,20.66,5.74,21.5,0,0,5,0
860,RP Burl,2024-2024,10,8,0,165,61,20.62,143.47,0,1,1,2,28,0,23,2,1/5,11.50,4.92,14.0,0,0,6,0
861,RP Meredith,2024-2024,1,0,0,0,0,0.00,0.00,0,0,0,1,24,0,34,1,1/34,34.00,8.50,24.0,0,0,0,0
862,RR Hendricks,2024-2024,20,20,1,444,87,23.36,126.13,0,3,3,2,23,0,37,0,0,0.00,9.65,0,0,0,7,0
863,RR Joshi,2024-2024,4,2,0,9,8,4.50,112.50,0,0,0,4,82,0,142,2,1/36,71.00,10.39,41.0,0,0,0,0
864,RTM Mendis,2024-2024,2,2,0,15,12,7.50,93.75,0,0,0,1,18,0,26,1,1/26,26.00,8.66,18.0,0,0,1,0
865,RW Hartley,2024-2024,2,2,1,4,4*,4.00,28.57,0,0,1,0,0,0,0,0,0,0.00,0,0,0,0,0,0
866,Rehan Ahmed,2024-2024,2,1,1,5,5*,0.00,125.00,0,0,0,2,42,0,72,3,3/43,24.00,10.28,14.0,0,0,0,0
867,S Adedeji,2024-2024,2,2,0,37,25,18.50,74.00,0,0,0,0,0,0,0,0,0,0.00,0,0,0,0,0,0
868,S Banamali,2024-2024,5,2,1,9,8*,9.00,60.00,0,0,0,5,95,0,149,1,1/28,149.00,9.41,95.0,0,0,0,0
869,S Bangera,2024-2024,5,5,0,42,13,8.40,67.74,0,0,0,0,0,0,0,0,0,0.00,0,0,0,0,1,0
870,S Barnett,2024-2024,2,2,0,3,3,1.50,30.00,0,0,1,0,0,0,0,0,0,0.00,0,0,0,0,0,0
871,S Bau,2024-2024,12,12,2,262,65*,26.20,111.96,0,3,2,9,108,0,129,6,2/10,21.50,7.16,18.0,0,0,2,0
872,S Bodha,2024-2024,8,2,1,1,1,1.00,33.33,0,0,0,8,157,0,208,14,5/16,14.85,7.94,11.2,1,0,5,0
873,S Burdekin,2024-2024,10,10,1,155,59,17.22,101.30,0,1,0,8,160,0,198,14,4/22,14.14,7.42,11.4,0,0,0,0
874,S Chandramohan,2024-2024,11,9,3,249,82,41.50,134.59,0,2,0,0,0,0,0,0,0,0.00,0,0,0,0,3,0
875,S Chaudhary,2024-2024,5,2,1,2,2,2.00,40.00,0,0,0,5,76,0,96,5,3/17,19.20,7.57,15.2,0,0,1,0
876,S Clarke,2024-2024,1,1,0,0,0,0.00,0.00,0,0,1,1,6,0,11,0,0,0.00,11.00,0,0,0,0,0
877,S Davizi,2024-2024,1,0,0,0,0,0.00,0.00,0,0,0,0,0,0,0,0,0,0.00,0,0,0,0,1,0
878,S Desungnoen,2024-2024,3,3,0,17,11,5.66,48.57,0,0,1,2,24,0,16,0,0,0.00,4.00,0,0,0,1,0
879,S Dhakal,2024-2024,4,3,3,0,0*,0.00,0.00,0,0,0,4,84,0,107,1,1/29,107.00,7.64,84.0,0,0,0,0
880,S Dube,2024-2024,15,13,4,296,63*,32.88,134.54,0,2,1,7,96,0,144,5,2/25,28.80,9.00,19.2,0,0,4,0
881,S Elayaperumal,2024-2024,5,5,0,7,3,1.40,29.16,0,0,1,1,6,0,11,0,0,0.00,11.00,0,0,0,0,0
882,S Fouche,2024-2024,3,2,1,42,40*,42.00,85.71,0,0,0,2,24,0,35,1,1/30,35.00,8.75,24.0,0,0,0,0
883,S Gantulga,2024-2024,6,6,0,10,6,1.66,19.23,0,0,2,0,0,0,0,0,0,0.00,0,0,0,0,0,0
884,S Ghimire,2024-2024,5,5,1,181,53*,45.25,117.53,0,1,0,0,0,0,0,0,0,0.00,0,0,0,0,2,1
885,S Gill,2024-2024,6,5,3,93,47*,46.50,178.84,0,0,0,5,96,1,75,4,2/14,18.75,4.68,24.0,0,0,1,0
886,S Godara,2024-2024,11,7,3,110,26*,27.50,157.14,0,0,2,11,224,1,268,14,4/5,19.14,7.17,16.0,0,0,6,0
887,S Gooch,2024-2024,9,9,2,282,72*,40.28,117.50,0,3,0,9,186,2,208,14,3/20,14.85,6.70,13.2,0,0,5,0
888,S Grover,2024-2024,4,4,0,63,47,15.75,123.52,0,0,1,0,0,0,0,0,0,0.00,0,0,0,0,4,0
889,S Guruvayoorappan,2024-2024,6,4,1,46,20,15.33,67.64,0,0,1,0,0,0,0,0,0,0.00,0,0,0,0,0,2
890,S Hirugade,2024-2024,6,6,0,35,10,5.83,71.42,0,0,0,6,109,0,100,5,2/9,20.00,5.50,21.8,0,0,3,0
891,S Hook,2024-2024,11,8,2,80,37,13.33,85.10,0,0,1,0,0,0,0,0,0,0.00,0,0,0,0,2,0
892,S Houghton,2024-2024,5,5,1,27,20*,6.75,52.94,0,0,1,0,0,0,0,0,0,0.00,0,0,0,0,3,0
893,S Iturbe,2024-2024,1,0,0,0,0,0.00,0.00,0,0,0,0,0,0,0,0,0,0.00,0,0,0,0,1,0
894,S Ivetic,2024-2024,4,4,1,88,49*,29.33,98.87,0,0,0,0,0,0,0,0,0,0.00,0,0,0,0,2,0
895,S Jamil,2024-2024,3,3,2,30,15,30.00,85.71,0,0,0,1,6,0,11,0,0,0.00,11.00,0,0,0,1,0
896,S Jora,2024-2024,13,11,2,199,56,22.11,126.75,0,2,0,0,0,0,0,0,0,0.00,0,0,0,0,2,0
897,S Joseph,2024-2024,9,3,3,5,5*,0.00,125.00,0,0,0,9,168,0,271,10,3/31,27.10,9.67,16.8,0,0,3,0
898,S Kamate,2024-2024,5,5,0,17,12,3.40,70.83,0,0,2,3,36,0,44,3,3/12,14.66,7.33,12.0,0,0,0,0
899,S Kaveri,2024-2024,7,7,3,127,46*,31.75,85.23,0,0,1,4,61,0,67,6,4/21,11.16,6.59,10.1,0,0,1,0
900,S Koppolu,2024-2024,4,4,2,53,34*,26.50,106.00,0,0,0,2,30,0,28,2,2/20,14.00,5.60,15.0,0,0,0,0
901,S Kushretha,2024-2024,4,2,1,11,9*,11.00,47.82,0,0,0,4,96,0,99,4,2/21,24.75,6.18,24.0,0,0,2,0
902,S Lamichhane,2024-2024,6,2,1,10,10,10.00,90.90,0,0,0,6,144,2,119,10,3/29,11.90,4.95,14.4,0,0,3,0
903,S Loday,2024-2024,7,5,2,51,19,17.00,85.00,0,0,0,0,0,0,0,0,0,0.00,0,0,0,0,2,0
904,S Maduranga,2024-2024,6,6,2,46,14,11.50,59.74,0,0,0,6,78,0,90,2,2/16,45.00,6.92,39.0,0,0,0,0
905,S Mahmood,2024-2024,6,1,0,12,12,12.00,80.00,0,0,0,6,126,1,153,11,4/34,13.90,7.28,11.4,0,0,0,0
906,S Movva,2024-2024,12,12,3,218,37,24.22,106.34,0,0,1,0,0,0,0,0,0,0.00,0,0,0,0,9,1
907,S Muniandy,2024-2024,21,19,0,327,41,17.21,101.86,0,0,0,5,72,1,67,5,2/7,13.40,5.58,14.4,0,0,13,0
908,S Murari,2024-2024,5,4,0,9,8,2.25,75.00,0,0,2,5,114,0,76,4,1/10,19.00,4.00,28.5,0,0,1,0
909,S Nadigotla,2024-2024,8,6,0,99,29,16.50,104.21,0,0,0,0,0,0,0,0,0,0.00,0,0,0,0,9,0
910,S di Bartolomeo,2024-2024,4,0,0,0,0,0.00,0.00,0,0,0,4,87,0,72,7,2/15,10.28,4.96,12.4,0,0,4,0
911,SA Abbott,2024-2024,6,2,0,4,4,2.00,80.00,0,0,1,6,128,0,187,12,3/28,15.58,8.76,10.6,0,0,5,0
912,SA Ahmad,2024-2024,4,4,0,18,15,4.50,58.06,0,0,1,4,84,0,72,2,1/21,36.00,5.14,42.0,0,0,0,0
913,SA Edwards,2024-2024,20,19,1,407,99,22.61,133.88,0,2,1,0,0,0,0,0,0,0.00,0,0,0,0,16,2
914,SA Engelbrecht,2024-2024,12,10,1,280,75,31.11,132.70,0,1,1,5,48,0,71,5,2/13,14.20,8.87,9.6,0,0,5,0
915,SA Jumbe,2024-2024,6,6,0,63,25,10.50,91.30,0,0,1,6,99,0,111,9,5/10,12.33,6.72,11.0,1,0,2,0
916,SA Mohandas,2024-2024,2,1,0,0,0,0.00,0.00,0,0,1,2,24,0,41,1,1/30,41.00,10.25,24.0,0,0,0,0
917,SD Hope,2024-2024,12,12,2,340,82*,34.00,165.04,0,3,2,0,0,0,0,0,0,0.00,0,0,0,0,4,0
918,SE Leluma,2024-2024,1,0,0,0,0,0.00,0.00,0,0,0,1,6,0,16,0,0,0.00,16.00,0,0,0,0,0
919,SG Mangela,2024-2024,2,2,0,38,36,19.00,108.57,0,0,0,0,0,0,0,0,0,0.00,0,0,0,0,0,0
920,SH Johnson,2024-2024,5,1,0,0,0,0.00,0.00,0,0,1,5,96,0,153,10,5/26,15.30,9.56,9.6,1,0,0,0
921,SI Kamea,2024-2024,5,3,1,4,2,2.00,57.14,0,0,0,5,96,0,120,4,2/13,30.00,7.50,24.0,0,0,2,0
922,SJ Cotter,2024-2024,6,6,1,122,51,24.40,105.17,0,1,1,0,0,0,0,0,0,0.00,0,0,0,0,3,0
923,SJ Hughes-Pinan,2024-2024,4,2,2,7,6*,0.00,63.63,0,0,0,4,92,1,65,7,5/12,9.28,4.23,13.1,1,0,0,0
924,SKA Awiah,2024-2024,5,5,2,52,18*,17.33,78.78,0,0,0,0,0,0,0,0,0,0.00,0,0,0,0,2,0
925,SKDT Madusanka,2024-2024,5,4,0,42,19,10.50,64.61,0,0,0,4,48,0,110,3,2/36,36.66,13.75,16.0,0,0,0,0
926,SKR Mallidi,2024-2024,3,2,0,13,12,6.50,65.00,0,0,0,2,18,0,34,1,1/18,34.00,11.33,18.0,0,0,3,0
927,SKS Gill,2024-2024,5,5,0,94,57,18.80,96.90,0,1,2,2,29,0,26,2,2/20,13.00,5.37,14.5,0,0,4,0
928,SM Curran,2024-2024,11,6,1,96,41,19.20,143.28,0,0,0,11,174,1,303,5,2/23,60.60,10.44,34.8,0,0,3,0
929,SO Hetmyer,2024-2024,4,4,1,40,31*,13.33,125.00,0,0,1,0,0,0,0,0,0,0.00,0,0,0,0,2,0
930,SR Bhudia,2024-2024,15,13,3,286,50*,28.60,134.27,0,1,0,5,64,2,51,7,3/0,7.28,4.78,9.1,0,0,5,0
931,SR Mohan,2024-2024,5,4,0,36,18,9.00,64.28,0,0,0,0,0,0,0,0,0,0.00,0,0,0,0,1,1
932,SR Mukkamalla,2024-2024,9,9,0,331,85,36.77,137.91,0,3,0,0,0,0,0,0,0,0.00,0,0,0,0,2,0
933,STRA de Silva,2024-2024,5,5,1,51,33,12.75,71.83,0,0,0,2,18,0,41,0,0,0.00,13.66,0,0,0,2,0
934,SU Halarnkar,2024-2024,2,2,0,0,0,0.00,0.00,0,0,2,0,0,0,0,0,0,0.00,0,0,0,0,0,0
935,SYS Assegon,2024-2024,3,2,0,1,1,0.50,5.55,0,0,1,0,0,0,0,0,0,0.00,0,0,0,0,0,0
936,T Amarmend,2024-2024,13,12,1,69,21*,6.27,43.94,0,0,5,10,176,0,272,8,2/32,34.00,9.27,22.0,0,0,1,0
937,T Batjargal,2024-2024,2,2,1,1,1*,1.00,33.33,0,0,1,0,0,0,0,0,0,0.00,0,0,0,0,0,0
938,T Britton,2024-2024,1,0,0,0,0,0.00,0.00,0,0,0,1,24,0,21,2,2/21,10.50,5.25,12.0,0,0,0,0
939,T Chopel,2024-2024,1,1,0,0,0,0.00,0.00,0,0,1,1,12,0,29,0,0,0.00,14.50,0,0,0,0,0
940,T Gwandu,2024-2024,4,0,0,0,0,0.00,0.00,0,0,0,3,49,0,38,5,3/10,7.60,4.65,9.8,0,0,1,0
941,T Hinds,2024-2024,2,1,1,5,5*,0.00,166.66,0,0,0,2,26,0,54,1,1/30,54.00,12.46,26.0,0,0,0,0
942,T Horpinitch,2024-2024,4,4,0,34,13,8.50,54.83,0,0,0,0,0,0,0,0,0,0.00,0,0,0,0,2,0
943,T Jamtsho,2024-2024,13,13,3,253,66*,25.30,133.15,0,2,2,8,105,0,155,3,1/14,51.66,8.85,35.0,0,0,4,0
944,T Kahamker,2024-2024,3,2,1,5,4*,5.00,166.66,0,0,0,1,24,0,30,2,2/30,15.00,7.50,12.0,0,0,0,0
945,T Lungameni,2024-2024,12,3,3,14,12*,0.00,233.33,0,0,0,12,240,1,340,7,3/13,48.57,8.50,34.2,0,0,0,0
946,T Martin,2024-2024,2,2,0,27,26,13.50,180.00,0,0,0,0,0,0,0,0,0,0.00,0,0,0,0,2,0
947,T Marumani,2024-2024,12,12,1,336,86,30.54,158.49,0,2,0,0,0,0,0,0,0,0.00,0,0,0,0,4,2
948,T Misi,2024-2024,2,1,0,1,1,1.00,100.00,0,0,0,0,0,0,0,0,0,0.00,0,0,0,0,0,0
949,T Munyonga,2024-2024,1,1,0,4,4,4.00,66.66,0,0,0,0,0,0,0,0,0,0.00,0,0,0,0,0,0
950,T Musekiwa,2024-2024,5,3,2,38,14,38.00,180.95,0,0,0,0,0,0,0,0,0,0.00,0,0,0,0,2,0
951,TA Blundell,2024-2024,2,2,0,32,28,16.00,168.42,0,0,0,0,0,0,0,0,0,0.00,0,0,0,0,0,0
952,TA Boult,2024-2024,6,3,1,26,16,13.00,118.18,0,0,0,6,132,2,132,9,3/16,14.66,6.00,14.6,0,0,2,0
953,TC Barker,2024-2024,5,5,0,145,59,29.00,116.93,0,1,0,0,0,0,0,0,0,0.00,0,0,0,0,2,0
954,TD Chaoana,2024-2024,10,9,3,57,26,9.50,85.07,0,0,0,10,213,0,209,12,3/16,17.41,5.88,17.7,0,0,7,0
955,TH David,2024-2024,20,17,7,297,41*,29.70,169.71,0,0,1,0,0,0,0,0,0,0.00,0,0,0,0,13,0
956,TJ Draca,2024-2024,4,0,0,0,0,0.00,0.00,0,0,0,4,96,2,68,8,3/9,8.50,4.25,12.0,0,0,2,0
957,TL Chatara,2024-2024,4,2,2,0,0*,0.00,0.00,0,0,0,4,77,1,107,3,3/16,35.66,8.33,25.6,0,0,0,0
958,TL Cutler,2024-2024,11,6,3,68,34*,22.66,125.92,0,0,0,11,216,0,289,9,3/11,32.11,8.02,24.0,0,0,0,0
959,TM Anker,2024-2024,1,1,1,1,1*,0.00,14.28,0,0,0,0,0,0,0,0,0,0.00,0,0,0,0,0,0
960,TM Head,2024-2024,15,15,1,539,80,38.50,178.47,0,4,2,0,0,0,0,0,0,0.00,0,0,0,0,2,0
961,TM Macalou,2024-2024,5,5,0,27,14,5.40,33.33,0,0,1,4,42,0,56,3,2/28,18.66,8.00,14.0,0,0,0,0
962,TS Bharaj,2024-2024,6,6,0,126,46,21.00,128.57,0,0,0,0,0,0,0,0,0,0.00,0,0,0,0,3,0
963,TS Kamunhukamwe,2024-2024,3,3,0,50,26,16.66,111.11,0,0,0,0,0,0,0,0,0,0.00,0,0,0,0,0,0
964,TU Deshpande,2024-2024,2,0,0,0,0,0.00,0.00,0,0,0,2,36,0,55,2,1/25,27.50,9.16,18.0,0,0,2,0
965,TW Dlamini,2024-2024,2,0,0,0,0,0.00,0.00,0,0,0,0,0,0,0,0,0,0.00,0,0,0,0,0,0
966,U Bhagwan,2024-2024,4,2,1,5,4,5.00,125.00,0,0,0,4,72,0,119,2,1/24,59.50,9.91,36.0,0,0,0,0
967,US Hathinjar,2024-2024,11,11,0,167,68,15.18,107.05,0,1,1,0,0,0,0,0,0,0.00,0,0,0,0,7,1
968,V Aravind,2024-2024,1,1,0,0,0,0.00,0.00,0,0,1,0,0,0,0,0,0,0.00,0,0,0,0,0,0
969,V Aritharan,2024-2024,2,2,1,58,45*,58.00,241.66,0,0,0,0,0,0,0,0,0,0.00,0,0,0,0,2,0
970,V Ateak,2024-2024,3,1,0,5,5,5.00,38.46,0,0,0,3,45,0,39,4,2/4,9.75,5.20,11.2,0,0,0,0
971,V Ganesan,2024-2024,4,3,1,24,24,12.00,109.09,0,0,1,1,24,0,21,3,3/21,7.00,5.25,8.0,0,0,0,0
972,V Jayant,2024-2024,4,3,0,22,17,7.33,61.11,0,0,1,2,30,1,30,1,1/19,30.00,6.00,30.0,0,0,0,0
973,V Khanduri,2024-2024,4,3,1,9,6,4.50,45.00,0,0,1,4,72,0,99,5,2/19,19.80,8.25,14.4,0,0,1,0
974,V Kohli,2024-2024,10,10,0,180,76,18.00,119.20,0,1,3,0,0,0,0,0,0,0.00,0,0,0,0,4,0
975,VD Adewoye,2024-2024,5,5,1,70,41*,17.50,152.17,0,0,0,4,54,0,65,3,2/12,21.66,7.22,18.0,0,0,4,0
976,VF Bomnyuy,2024-2024,5,3,2,4,4*,4.00,50.00,0,0,1,0,0,0,0,0,0,0.00,0,0,0,0,0,0
977,VJ Kingma,2024-2024,16,3,1,5,4,2.50,71.42,0,0,1,16,337,1,378,16,4/21,23.62,6.72,21.0,0,0,2,0
978,VRB Arachchige,2024-2024,4,2,2,5,5*,0.00,166.66,0,0,0,4,54,0,83,2,1/7,41.50,9.22,27.0,0,0,1,0
979,W Barresi,2024-2024,4,3,1,13,8,6.50,118.18,0,0,1,0,0,0,0,0,0,0.00,0,0,0,0,2,0
980,W Madhevere,2024-2024,9,7,0,111,43,15.85,105.71,0,0,1,2,24,1,26,2,2/7,13.00,6.50,12.0,0,0,2,0
981,W Maximo,2024-2024,1,1,0,25,25,25.00,108.69,0,0,0,0,0,0,0,0,0,0.00,0,0,0,0,0,0
982,W Miyauchi,2024-2024,18,14,3,270,72,24.54,106.29,0,2,1,1,6,0,3,0,0,0.00,3.00,0,0,0,10,5
983,W Nalisa,2024-2024,10,8,4,68,31*,17.00,109.67,0,0,0,8,173,0,208,13,6/16,16.00,7.21,13.3,1,0,3,0
984,WAE Burton,2024-2024,5,5,0,27,8,5.40,81.81,0,0,0,1,17,0,14,1,1/14,14.00,4.94,17.0,0,0,2,0
985,WG Jacks,2024-2024,11,10,0,202,38,20.20,127.04,0,0,0,1,6,0,22,0,0,0.00,22.00,0,0,0,3,0
986,WIA Fernando,2024-2024,2,2,0,4,4,2.00,44.44,0,0,1,0,0,0,0,0,0,0.00,0,0,0,0,1,0
987,WJ Cope,2024-2024,3,3,0,13,11,4.33,38.23,0,0,0,1,6,0,15,0,0,0.00,15.00,0,0,0,2,0
988,WP Masakadza,2024-2024,12,7,2,88,34,17.60,111.39,0,0,1,11,156,1,203,5,1/15,40.60,7.80,31.2,0,0,7,0
989,XC Bartlett,2024-2024,6,2,0,5,5,2.50,50.00,0,0,1,6,124,0,137,10,3/13,13.70,6.62,12.4,0,0,6,0
990,Y Divekar,2024-2024,3,3,1,13,11,6.50,72.22,0,0,1,2,12,0,31,0,0,0.00,15.50,0,0,0,0,0
991,Y Konate,2024-2024,5,5,0,16,11,3.20,39.02,0,0,2,1,18,0,16,0,0,0.00,5.33,0,0,0,0,0
992,Y Naing Tun,2024-2024,5,5,1,18,11,4.50,51.42,0,0,2,0,0,0,0,0,0,0.00,0,0,0,0,4,0
993,YBK Jaiswal,2024-2024,8,8,1,293,93*,41.85,172.35,0,2,0,0,0,0,0,0,0,0.00,0,0,0,0,3,0
994,YC Latouche,2024-2024,1,1,1,0,0*,0.00,0.00,0,0,0,0,0,0,0,0,0,0.00,0,0,0,0,0,0
995,YJC Altamirano,2024-2024,2,2,1,1,1*,1.00,50.00,0,0,1,0,0,0,0,0,0,0.00,0,0,0,0,1,0
996,Z Bimenyimana,2024-2024,12,6,3,25,9,8.33,113.63,0,0,1,12,201,0,252,10,3/24,25.20,7.52,20.1,0,0,2,0
997,Z Makadji,2024-2024,3,3,1,2,1*,1.00,20.00,0,0,1,0,0,0,0,0,0,0.00,0,0,0,0,0,0
998,ZB Lion-Cachet,2024-2024,4,4,0,33,14,8.25,68.75,0,0,1,4,70,0,80,4,2/5,20.00,6.85,17.5,0,0,1,0
999,ZE Green,2024-2024,15,12,4,213,52*,26.62,113.90,0,1,1,0,0,0,0,0,0,0.00,0,0,0,0,14,1
1000,ZGF Foulkes,2024-2024,4,3,1,33,27*,16.50,143.47,0,0,1,4,90,0,117,5,3/20,23.40,7.80,18.0,0,0,0,0
1001,ZR Jabeneke,2024-2024,4,3,1,25,12*,12.50,86.20,0,0,0,2,30,0,17,1,1/16,17.00,3.40,30.0,0,0,1,0
